button press for z-direction,X Payload Deflection (mm),X Crane Position (mm),X Actual Velocity (mm/sec),Z-axis actual position,button press for x-direction,Time Y-dir (sec),Y Payload Deflection (mm),Y Crane Position (mm),Y Actual Velocity (mm/sec),Z-axis actual velocity,button press for y direction
0,-41,-382,0,1729,0,0,11,-595,0,0,0
0,-41,-382,0,1729,0,0.054144,11,-595,0,0,0
0,-41,-382,0,1729,0,0.101946,11,-595,0,0,0
0,-41,-382,0,1729,0,0.152883,11,-595,0,0,0
0,-41,-382,0,1729,0,0.204222,11,-595,0,0,0
0,-41,-382,0,1729,0,0.254869,10,-595,0,0,0
0,-41,-382,0,1729,0,0.30591,10,-595,0,0,0
0,-41,-382,0,1729,0,0.357232,10,-595,0,0,0
0,-39,-382,0,1729,0,0.407902,10,-595,0,0,0
0,-39,-382,0,1729,0,0.458941,11,-595,0,0,0
0,-38,-382,0,1729,0,0.510174,12,-595,0,0,0
0,-38,-382,0,1729,0,0.560968,11,-595,0,0,0
0,-38,-382,0,1729,0,0.611889,11,-595,0,0,0
0,-39,-382,0,1729,0,0.663155,11,-595,0,0,0
0,-39,-382,0,1729,0,0.713907,10,-595,0,0,0
0,-39,-382,0,1729,0,0.765,10,-595,0,0,0
0,-39,-382,0,1729,0,0.816295,10,-595,0,0,0
0,-39,-382,0,1729,0,0.867277,10,-595,0,0,0
0,-39,-382,0,1729,0,0.918081,8,-595,0,0,0
0,-39,-382,0,1729,0,0.969201,8,-595,0,0,0
0,-41,-382,0,1729,0,1.020075,8,-595,0,0,0
0,-41,-382,0,1729,0,1.070998,7,-595,0,0,0
0,-41,-382,0,1729,0,1.122372,7,-595,0,0,0
0,-42,-382,0,1729,0,1.224071,7,-595,-2,0,0
0,-42,-382,0,1729,0,1.224071,6,-595,-2,0,0
0,-42,-382,0,1729,0,1.27537,6,-595,-2,0,0
0,-42,-382,0,1729,0,1.32618,6,-595,-2,0,0
0,-42,-382,0,1729,0,1.377117,6,-595,-2,0,0
0,-43,-382,0,1729,0,1.428448,6,-595,-2,0,0
0,-43,-382,0,1729,0,1.479172,6,-595,-2,0,0
0,-43,-382,0,1729,0,1.53017,6,-595,-2,0,0
0,-43,-382,0,1729,0,1.581411,6,-596,-2,0,0
0,-43,-382,0,1729,0,1.632359,6,-596,-2,0,0
0,-43,-382,0,1729,0,1.683206,6,-596,-4,0,0
0,-43,-382,0,1729,0,1.734483,6,-596,-4,0,0
0,-43,-382,0,1729,0,1.785225,6,-596,-4,0,0
0,-43,-382,0,1729,0,1.836178,7,-597,-6,0,0
0,-43,-382,0,1729,0,1.887542,7,-597,-8,0,0
0,-43,-382,0,1729,0,1.938359,7,-597,-10,0,0
0,-43,-382,0,1729,0,1.989368,7,-598,-12,0,0
0,-43,-382,0,1729,0,2.04058,7,-599,-14,0,0
0,-43,-382,0,1729,0,2.091348,8,-600,-16,0,0
0,-43,-382,0,1729,0,2.142387,8,-600,-18,0,0
0,-43,-382,0,1729,0,2.193559,8,-601,-20,0,0
0,-42,-382,0,1729,0,2.244381,10,-603,-22,0,0
0,-42,-382,0,1729,0,2.295396,10,-604,-22,0,0
0,-42,-382,0,1729,0,2.346649,11,-605,-24,0,0
0,-41,-382,0,1729,0,2.397467,11,-606,-26,0,0
0,-41,-382,0,1729,0,2.448403,11,-607,-26,0,0
0,-41,-382,0,1729,0,2.499646,11,-609,-26,0,0
0,-41,-382,0,1729,0,2.550439,12,-610,-26,0,0
0,-41,-382,0,1729,0,2.601439,12,-611,-24,0,0
0,-39,-382,0,1729,0,2.65275,12,-613,-26,0,0
0,-39,-382,1,1729,0,2.703467,12,-614,-24,0,0
0,-39,-382,2,1729,0,2.754508,12,-615,-24,0,0
0,-39,-382,3,1729,0,2.805673,12,-616,-24,0,0
0,-39,-382,4,1729,0,2.856448,13,-618,-24,0,0
0,-38,-381,5,1729,0,2.907486,13,-619,-22,0,0
0,-38,-381,6,1729,0,2.958792,13,-620,-22,0,0
0,-38,-381,7,1729,0,3.009521,13,-621,-20,0,0
0,-38,-380,8,1729,0,3.060792,13,-622,-18,0,0
0,-38,-380,9,1729,0,3.11177,13,-623,-16,0,0
0,-38,-380,10,1729,0,3.162692,12,-623,-14,0,0
0,-38,-379,11,1729,0,3.213523,12,-624,-12,0,0
0,-38,-378,12,1729,0,3.264807,12,-624,-8,0,0
0,-38,-378,13,1729,0,3.315539,12,-625,-6,0,0
0,-38,-377,14,1729,0,3.366528,12,-625,-4,0,0
0,-38,-376,15,1729,0,3.417897,11,-625,0,0,0
0,-38,-375,16,1729,0,3.468508,11,-625,2,0,0
0,-38,-375,17,1729,0,3.519561,11,-625,6,0,0
0,-39,-374,18,1729,0,3.571019,10,-624,8,0,0
0,-39,-373,19,1729,0,3.621625,10,-624,10,0,0
0,-39,-372,20,1729,0,3.672618,10,-623,12,0,0
0,-39,-371,21,1729,0,3.774451,10,-623,14,0,0
0,-39,-370,22,1729,0,3.774451,8,-622,16,0,0
0,-39,-368,23,1729,0,3.825647,8,-621,18,0,0
0,-41,-367,24,1729,0,3.876769,8,-620,20,0,0
0,-41,-366,25,1729,0,3.927717,7,-619,20,0,0
0,-41,-365,26,1729,0,3.978731,7,-618,22,0,0
0,-41,-363,27,1729,0,4.029929,7,-617,22,0,0
0,-42,-362,28,1729,0,4.080751,7,-616,22,0,0
0,-42,-360,29,1729,0,4.182807,6,-614,22,0,0
0,-42,-359,29,1729,0,4.182807,6,-613,22,0,0
0,-42,-357,30,1729,0,4.233679,6,-612,20,0,0
0,-42,-356,31,1729,0,4.284678,6,-611,20,0,0
0,-43,-354,32,1729,0,4.335926,6,-610,18,0,0
0,-43,-352,33,1729,0,4.386735,6,-609,16,0,0
0,-43,-351,34,1729,0,4.437704,6,-609,14,0,0
0,-43,-349,34,1729,0,4.488936,6,-608,12,0,0
0,-43,-347,35,1729,0,4.539731,6,-608,10,0,0
0,-43,-345,36,1729,0,4.590879,6,-607,8,0,0
0,-43,-344,37,1729,0,4.641997,6,-607,6,0,0
0,-43,-342,38,1729,0,4.693116,7,-607,2,0,0
0,-43,-340,38,1729,0,4.743837,7,-607,0,0,0
0,-43,-338,39,1729,0,4.795075,7,-607,-2,0,0
0,-43,-336,40,1729,0,4.845722,7,-607,-4,0,0
0,-43,-334,41,1729,0,4.896873,7,-607,-8,0,0
0,-43,-331,41,1729,0,4.948175,8,-608,-10,0,0
0,-43,-329,42,1729,0,4.998961,8,-608,-12,0,0
0,-43,-327,43,1729,0,5.04994,8,-609,-14,0,0
0,-43,-325,43,1729,0,5.101012,8,-610,-16,0,0
0,-43,-323,44,1729,0,5.151826,10,-611,-16,0,0
0,-42,-320,45,1729,0,5.202992,10,-612,-18,0,0
0,-42,-318,45,1729,0,5.254166,10,-612,-18,0,0
0,-42,-316,46,1729,0,5.304968,10,-613,-20,0,0
0,-42,-313,47,1729,0,5.356088,10,-614,-20,0,0
0,-41,-311,47,1729,0,5.40718,10,-615,-20,0,0
0,-41,-309,48,1729,0,5.458011,10,-617,-20,0,0
0,-41,-306,49,1729,0,5.508962,10,-618,-20,0,0
0,-41,-304,49,1729,0,5.56014,10,-618,-18,0,0
0,-41,-301,50,1729,0,5.610992,10,-619,-18,0,0
0,-39,-299,50,1729,0,5.662042,10,-620,-16,0,0
0,-39,-296,51,1729,0,5.71323,8,-621,-14,0,0
0,-39,-293,52,1729,0,5.76407,8,-622,-12,0,0
0,-39,-291,52,1729,0,5.865913,8,-622,-10,0,0
0,-38,-288,53,1729,0,5.865913,7,-623,-8,0,0
0,-38,-285,53,1729,0,5.916965,7,-623,-6,0,0
0,-38,-282,54,1729,0,5.968015,7,-623,-4,0,0
0,-38,-280,54,1729,0,6.01927,7,-623,-2,0,0
0,-38,-277,55,1729,0,6.070057,7,-623,0,0,0
0,-38,-274,55,1729,0,6.121266,7,-623,2,0,0
0,-38,-271,56,1729,0,6.223157,7,-623,4,0,0
0,-38,-268,56,1729,0,6.223157,7,-623,8,0,0
0,-38,-266,57,1729,0,6.274105,6,-622,10,0,0
0,-38,-263,57,1729,0,6.325247,6,-622,12,0,0
0,-38,-260,58,1729,0,6.376053,6,-621,12,0,0
0,-38,-257,58,1729,0,6.427152,7,-620,14,0,0
0,-38,-254,58,1729,0,6.478283,7,-619,16,0,0
0,-38,-251,59,1729,0,6.529117,7,-619,16,0,0
0,-39,-248,59,1729,0,6.580048,7,-618,18,0,0
0,-39,-245,60,1729,0,6.631366,8,-617,18,0,0
0,-39,-242,60,1729,0,6.682071,8,-616,18,0,0
0,-38,-238,61,1729,0,6.733211,8,-615,18,0,0
0,-38,-235,60,1729,0,6.784326,10,-614,18,0,0
0,-38,-232,61,1729,0,6.835166,10,-613,18,0,0
0,-39,-229,62,1729,0,6.886236,12,-612,16,0,0
0,-39,-226,62,1729,0,6.937373,12,-611,16,0,0
0,-39,-223,63,1729,0,6.988662,13,-611,14,0,0
0,-39,-220,63,1729,0,7.039239,14,-610,14,0,0
0,-39,-216,63,1729,0,7.090316,14,-609,12,0,0
0,-38,-213,64,1729,0,7.141238,16,-609,10,0,0
0,-38,-210,64,1729,0,7.192196,16,-608,8,0,0
0,-38,-207,64,1729,0,7.243434,17,-608,6,0,0
0,-38,-203,64,1729,0,7.294198,18,-608,4,0,0
0,-38,-200,65,1729,0,7.345325,19,-608,2,0,0
0,-38,-197,65,1729,0,7.396429,19,-608,0,0,0
0,-38,-193,65,1729,0,7.447249,19,-608,-2,0,0
0,-38,-190,66,1729,0,7.49829,20,-608,-4,0,0
0,-38,-187,66,1729,0,7.549434,20,-608,-6,0,0
0,-38,-183,66,1729,0,7.60017,20,-609,-8,0,0
0,-38,-180,66,1729,0,7.651447,20,-609,-10,0,0
0,-38,-177,66,1729,0,7.70241,20,-610,-12,0,0
0,-38,-173,67,1729,0,7.753412,20,-610,-14,0,0
0,-38,-170,67,1729,0,7.804293,20,-611,-14,0,0
0,-38,-166,67,1729,0,7.855442,19,-612,-16,0,0
0,-38,-163,67,1729,0,7.906267,19,-613,-16,0,0
0,-38,-159,67,1729,0,7.957435,18,-614,-16,0,0
0,-38,-156,68,1729,0,8.008419,17,-614,-18,0,0
0,-38,-153,68,1729,0,8.059397,16,-615,-18,0,0
0,-38,-149,68,1729,0,8.110404,14,-616,-16,0,0
0,-38,-146,68,1729,0,8.161621,13,-617,-16,0,0
0,-38,-142,68,1729,0,8.212369,10,-618,-16,0,0
0,-38,-139,68,1729,0,8.263495,8,-619,-14,0,0
0,-38,-135,68,1729,0,8.31464,7,-619,-14,0,0
0,-38,-132,69,1729,0,8.365449,6,-620,-12,0,0
0,-38,-128,69,1729,0,8.416411,4,-620,-10,0,0
0,-39,-125,69,1729,0,8.467591,2,-621,-8,0,0
0,-39,-121,69,1729,0,8.518855,1,-621,-8,0,0
0,-39,-118,69,1729,0,8.569521,0,-622,-6,0,0
0,-39,-114,69,1729,0,8.620712,-1,-622,-4,0,0
0,-39,-111,69,1729,0,8.671471,-2,-622,-2,0,0
0,-39,-107,69,1729,0,8.722533,-6,-622,0,0,0
0,-39,-104,69,1729,0,8.773718,-7,-622,2,0,0
0,-39,-100,69,1729,0,8.82439,-7,-622,4,0,0
0,-39,-97,69,1729,0,8.875581,-8,-621,6,0,0
0,-39,-93,69,1729,0,8.926656,-10,-621,8,0,0
0,-39,-89,69,1729,0,8.97755,-10,-621,10,0,0
0,-39,-86,69,1729,0,9.028592,-10,-620,12,0,0
0,-39,-82,69,1729,0,9.079843,-10,-619,12,0,0
0,-39,-79,69,1729,0,9.130622,-10,-619,14,0,0
0,-39,-75,69,1729,0,9.232808,-8,-618,14,0,0
0,-41,-72,69,1729,0,9.232808,-7,-617,16,0,0
0,-41,-68,69,1729,0,9.283941,-6,-616,16,0,0
0,-41,-65,69,1729,0,9.385626,-5,-616,16,0,0
0,-41,-61,68,1729,0,9.385626,-4,-615,16,0,0
0,-41,-58,68,1729,0,9.43666,-2,-614,16,0,0
0,-41,-54,68,1729,0,9.487762,0,-613,14,0,0
0,-39,-51,68,1729,0,9.538922,1,-612,14,0,0
0,-39,-48,68,1729,0,9.589715,6,-612,14,0,0
0,-39,-44,68,1729,0,9.640735,8,-611,12,0,0
0,-39,-41,68,1729,0,9.691979,11,-611,10,0,0
0,-39,-37,68,1729,0,9.742694,13,-610,10,0,0
0,-39,-34,66,1729,0,9.7938,14,-610,8,0,0
0,-39,-30,67,1729,0,9.844848,17,-609,6,0,0
0,-39,-27,67,1729,0,9.895716,19,-609,4,0,0
0,-39,-23,67,1729,0,9.946797,20,-609,2,0,0
0,-38,-20,67,1729,0,9.997988,23,-609,0,0,0
0,-38,-17,66,1729,0,10.04873,24,-609,0,0,0
0,-38,-13,66,1729,0,10.09973,29,-609,-2,0,0
0,-39,-10,66,1729,0,10.15111,30,-609,-4,0,0
0,-38,-7,66,1729,0,10.20191,31,-610,-6,0,0
0,-38,-3,66,1729,0,10.30391,32,-610,-8,0,0
0,-38,0,65,1729,0,10.30391,33,-610,-10,0,0
0,-38,3,65,1729,0,10.35483,33,-611,-10,0,0
0,-38,7,65,1729,0,10.40593,33,-611,-12,0,0
0,-38,10,64,1729,0,10.45703,33,-612,-12,0,0
0,-38,13,64,1729,0,10.55872,33,-613,-14,0,0
0,-39,17,64,1729,0,10.55872,32,-614,-14,0,0
0,-39,20,64,1729,0,10.61001,31,-614,-14,0,0
0,-39,23,63,1729,0,10.66087,30,-615,-14,0,0
0,-39,26,63,1729,0,10.71212,27,-616,-14,0,0
0,-39,30,63,1729,0,10.76308,26,-616,-14,0,0
0,-39,33,62,1729,0,10.81395,25,-617,-14,0,0
0,-39,36,62,1729,0,10.86495,23,-618,-12,0,0
0,-39,39,62,1729,0,10.91623,20,-618,-12,0,0
0,-39,42,61,1729,0,10.96692,17,-619,-12,0,0
0,-39,45,61,1729,0,11.01803,14,-619,-10,0,0
0,-39,48,60,1729,0,11.06906,12,-620,-8,0,0
0,-39,51,60,1729,0,11.11988,5,-620,-8,0,0
0,-39,54,60,1729,0,11.17095,2,-621,-6,0,0
0,-39,57,59,1729,0,11.22245,-1,-621,-4,0,0
0,-39,60,59,1729,0,11.27295,-4,-621,-2,0,0
0,-39,63,58,1729,0,11.32415,-6,-621,0,0,0
0,-41,66,58,1729,0,11.37557,-8,-621,0,0,0
0,-41,69,57,1729,0,11.42596,-11,-621,2,0,0
0,-41,72,57,1729,0,11.47705,-12,-621,4,0,0
0,-41,75,56,1729,0,11.52819,-18,-620,6,0,0
0,-41,78,56,1729,0,11.57897,-19,-620,8,0,0
0,-41,81,55,1729,0,11.63014,-20,-620,8,0,0
0,-41,84,55,1729,0,11.68131,-21,-619,10,0,0
0,-41,86,54,1729,0,11.73205,-21,-619,10,0,0
0,-41,89,54,1729,0,11.78313,-23,-618,12,0,0
0,-41,92,53,1729,0,11.8343,-23,-617,12,0,0
0,-41,94,53,1729,0,11.88509,-21,-617,12,0,0
0,-41,97,52,1729,0,11.93619,-21,-616,14,0,0
0,-41,100,52,1729,0,11.98731,-20,-615,14,0,0
0,-41,102,51,1729,0,12.03816,-18,-615,14,0,0
0,-41,105,50,1729,0,12.08919,-17,-614,12,0,0
0,-41,108,50,1729,0,12.14034,-14,-613,12,0,0
0,-41,110,49,1729,0,12.19114,-12,-613,12,0,0
0,-41,113,49,1729,0,12.24223,-5,-612,12,0,0
0,-41,115,48,1729,0,12.29336,-2,-612,10,0,0
0,-41,117,47,1729,0,12.34423,1,-611,8,0,0
0,-41,120,47,1729,0,12.39511,5,-611,8,0,0
0,-41,122,46,1729,0,12.44661,8,-611,6,0,0
0,-41,124,45,1729,0,12.54822,11,-610,6,0,0
0,-41,127,45,1729,0,12.54822,14,-610,4,0,0
0,-41,129,44,1729,0,12.59948,18,-610,2,0,0
0,-39,131,43,1729,0,12.65026,26,-610,0,0,0
0,-39,133,43,1729,0,12.70123,29,-610,-2,0,0
0,-39,136,42,1729,0,12.75247,31,-610,-2,0,0
0,-39,138,41,1729,0,12.80319,35,-610,-4,0,0
0,-39,140,41,1729,0,12.85436,37,-611,-6,0,0
0,-39,142,40,1729,0,12.90545,39,-611,-6,0,0
0,-41,144,39,1729,0,12.95635,41,-611,-8,0,0
0,-39,146,38,1729,0,13.00736,43,-612,-10,0,0
0,-39,148,38,1729,0,13.1092,43,-612,-10,0,0
0,-39,150,37,1729,0,13.1092,44,-613,-10,0,0
0,-41,151,36,1729,0,13.1605,47,-613,-12,0,0
0,-41,153,35,1729,0,13.21163,45,-614,-12,0,0
0,-41,155,34,1729,0,13.26234,44,-615,-12,0,0
0,-41,157,34,1729,0,13.3133,43,-615,-12,0,0
0,-41,158,33,1729,0,13.36452,42,-616,-12,0,0
0,-41,160,32,1729,0,13.41525,41,-616,-12,0,0
0,-41,162,31,1729,0,13.46645,38,-617,-12,0,0
0,-41,163,30,1729,0,13.51748,36,-618,-10,0,0
0,-41,165,30,1729,0,13.56849,29,-618,-10,0,0
0,-41,166,29,1729,0,13.61944,25,-619,-10,0,0
0,-41,168,28,1729,0,13.67069,21,-619,-8,0,0
0,-41,169,27,1729,0,13.72132,18,-619,-6,0,0
0,-41,170,26,1729,0,13.77253,14,-620,-6,0,0
0,-41,172,25,1729,0,13.82357,10,-620,-4,0,0
0,-41,173,24,1729,0,13.87461,6,-620,-4,0,0
0,-39,174,23,1729,0,13.92551,2,-620,-2,0,0
0,-39,175,22,1729,0,13.97688,-7,-620,0,0,0
0,-39,176,21,1729,0,14.02748,-11,-620,2,0,0
0,-41,177,20,1729,0,14.07856,-14,-620,2,0,0
0,-41,178,20,1729,0,14.12962,-17,-620,4,0,0
0,-41,179,19,1729,0,14.18054,-20,-620,6,0,0
0,-41,180,18,1729,0,14.23156,-23,-619,6,0,0
0,-41,181,17,1729,0,14.28277,-25,-619,8,0,0
0,-41,182,16,1729,0,14.33353,-27,-618,8,0,0
0,-41,183,15,1729,0,14.38463,-29,-618,10,0,0
0,-41,183,14,1729,0,14.43574,-31,-617,10,0,0
0,-41,184,13,1729,0,14.48655,-32,-617,10,0,0
0,-41,185,12,1729,0,14.53752,-33,-616,10,0,0
0,-41,185,10,1729,0,14.58882,-32,-616,12,0,0
0,-41,186,9,1729,0,14.63969,-32,-615,12,0,0
0,-39,186,8,1729,0,14.69058,-31,-615,12,0,0
0,-41,186,7,1729,0,14.74179,-30,-614,10,0,0
0,-41,187,6,1729,0,14.79259,-27,-614,10,0,0
0,-41,187,5,1729,0,14.84361,-25,-613,10,0,0
0,-41,187,4,1729,0,14.89487,-23,-613,10,0,0
0,-41,187,3,1729,0,14.94556,-14,-612,8,0,0
0,-41,188,2,1729,0,14.99788,-11,-612,8,0,0
0,-41,188,1,1729,0,15.04785,-6,-611,6,0,0
0,-41,188,1,1729,0,15.09873,-2,-611,6,0,0
0,-41,188,0,1729,0,15.14966,1,-611,6,0,0
0,-41,188,0,1729,0,15.20088,6,-610,8,0,0
0,-41,188,0,1729,0,15.25174,11,-610,8,0,0
0,-41,188,0,1729,0,15.30262,14,-609,10,0,0
0,-41,188,0,1729,0,15.35393,19,-609,12,0,0
0,-41,188,0,1729,0,15.4049,23,-608,14,0,0
0,-41,188,0,1729,0,15.45563,33,-607,14,0,0
0,-41,188,0,1729,0,15.50702,37,-607,16,0,0
0,-41,188,0,1729,0,15.55776,41,-606,18,0,0
0,-41,188,0,1729,0,15.60909,43,-605,20,0,0
0,-41,188,0,1729,0,15.65987,45,-604,22,0,0
0,-41,188,0,1729,0,15.71124,48,-602,24,0,0
0,-41,188,0,1729,0,15.76184,51,-601,26,0,0
0,-41,188,0,1729,0,15.86403,53,-600,28,0,0
0,-41,188,0,1729,0,15.86403,55,-598,30,0,0
0,-41,188,0,1729,0,15.91484,55,-597,32,0,0
0,-41,188,0,1729,0,15.96592,55,-595,34,0,0
0,-41,188,0,1729,0,16.01694,55,-593,36,0,0
0,-41,188,0,1729,0,16.06785,54,-591,40,0,0
0,-41,188,0,1729,0,16.1191,51,-589,42,0,0
0,-41,188,0,1729,0,16.17003,50,-587,44,0,0
0,-42,188,0,1729,0,16.22088,48,-584,48,0,0
0,-41,188,0,1729,0,16.27214,39,-582,50,0,0
0,-41,188,0,1729,0,16.32297,36,-579,54,0,0
0,-41,188,0,1729,0,16.37392,32,-576,56,0,0
0,-41,188,0,1729,0,16.42521,29,-573,60,0,0
0,-42,188,0,1729,0,16.47598,24,-570,64,0,0
0,-42,188,0,1729,0,16.57786,19,-567,66,0,0
0,-41,188,0,1729,0,16.57786,14,-563,70,0,0
0,-41,188,0,1729,0,16.62904,-2,-560,72,0,0
0,-41,188,0,1729,0,16.68009,-7,-556,76,0,0
0,-41,188,0,1729,0,16.73118,-12,-552,80,0,0
0,-41,188,0,1729,0,16.78192,-16,-548,82,0,0
0,-42,188,0,1729,0,16.8329,-20,-543,86,0,0
0,-42,188,0,1729,0,16.88417,-24,-539,88,0,0
0,-42,188,0,1729,0,16.93509,-27,-534,90,0,0
0,-42,188,0,1729,0,16.986,-30,-529,94,0,0
0,-42,188,0,1729,0,17.03733,-33,-525,96,0,0
0,-42,188,0,1729,0,17.08809,-36,-520,98,0,0
0,-42,188,0,1729,0,17.19011,-37,-514,100,0,0
0,-42,188,0,1729,0,17.24105,-41,-509,102,0,0
0,-42,188,0,1729,0,17.29197,-41,-504,104,0,0
0,-42,188,0,1729,0,17.34317,-41,-499,106,0,0
0,-42,188,0,1729,0,17.39404,-39,-493,106,0,0
0,-41,188,0,1729,0,17.39404,-38,-488,108,0,0
0,-42,188,0,1729,0,17.44503,-36,-482,110,0,0
0,-42,188,0,1729,0,17.49628,-33,-477,110,0,0
0,-42,188,0,1729,0,17.59802,-30,-471,112,0,0
0,-41,188,0,1729,0,17.70052,-27,-465,112,0,0
0,-41,188,0,1729,0,17.80268,-24,-459,112,0,0
0,-41,188,0,1729,0,17.85308,-20,-454,112,0,0
0,-42,188,0,1729,0,17.85308,-2,-448,112,0,0
0,-42,188,0,1729,0,18.00651,2,-442,114,0,0
0,-42,188,0,1729,0,18.05706,7,-436,114,0,0
0,-42,188,0,1729,0,18.15948,12,-431,114,0,0
0,-42,188,0,1729,0,18.21006,18,-425,114,0,0
0,-42,188,0,1729,0,18.31248,23,-419,114,0,0
0,-42,188,0,1729,0,18.36308,27,-413,114,0,0
0,-42,188,0,1729,0,18.41439,32,-407,114,0,0
0,-42,188,0,1729,0,18.51692,37,-402,114,0,0
0,-41,188,0,1729,0,18.5675,48,-396,114,0,0
0,-41,188,0,1729,0,18.5675,50,-390,114,0,0
0,-41,188,0,1729,0,18.61829,54,-384,114,0,0
0,-41,188,0,1729,0,18.66936,56,-378,114,0,0
0,-41,188,0,1729,0,18.77123,59,-372,114,0,0
0,-41,188,0,1729,0,18.82215,60,-367,116,0,0
0,-42,188,0,1729,0,18.97528,62,-361,116,0,0
0,-42,188,0,1729,0,18.97528,63,-355,116,0,0
0,-42,188,0,1729,0,19.02652,62,-349,118,0,0
0,-42,188,0,1729,0,19.12818,61,-343,118,0,0
0,-42,188,0,1729,0,19.17949,60,-337,118,0,0
0,-42,188,0,1729,0,19.23038,59,-331,120,0,0
0,-42,188,0,1729,0,19.33298,56,-324,120,0,0
0,-42,188,0,1729,0,19.38346,47,-318,122,0,0
0,-42,188,0,1729,0,19.43435,43,-312,124,0,0
0,-42,188,0,1729,0,19.48579,38,-306,124,0,0
0,-42,188,0,1729,0,19.58781,35,-299,126,0,0
0,-42,188,0,1729,0,19.63858,30,-293,128,0,0
0,-42,188,0,1729,0,19.74036,24,-286,128,0,0
0,-41,188,0,1729,0,19.79166,19,-280,130,0,0
0,-41,188,0,1729,0,19.79166,14,-273,132,0,0
0,-41,188,0,1729,0,19.94504,0,-266,132,0,0
0,-41,188,0,1729,0,19.99556,-5,-259,134,0,0
0,-39,188,0,1729,0,19.99556,-8,-252,136,0,0
0,-39,188,0,1729,0,20.14884,-13,-245,136,0,0
0,-39,188,0,1729,0,20.14884,-18,-238,138,0,0
0,-39,188,0,1729,0,20.19983,-21,-231,138,0,0
0,-38,188,0,1729,0,20.25077,-25,-224,140,0,0
0,-38,188,0,1729,0,20.35249,-29,-217,140,0,0
0,-38,188,0,1729,0,20.40382,-31,-210,140,0,0
0,-38,188,0,1729,0,20.45459,-36,-203,142,0,0
0,-37,188,0,1729,0,20.55713,-37,-196,142,0,0
0,-37,188,0,1729,0,20.60767,-38,-188,142,0,0
0,-37,188,0,1729,0,20.65856,-39,-181,142,0,0
0,-36,188,0,1729,0,20.70981,-38,-174,142,0,0
0,-36,188,0,1729,0,20.81209,-37,-167,142,0,0
0,-36,188,0,1729,0,20.86284,-35,-159,140,0,0
0,-36,188,0,1729,0,20.91362,-32,-152,140,0,0
0,-36,188,0,1729,0,20.91362,-30,-145,140,0,0
0,-36,188,0,1729,0,21.06701,-27,-138,138,0,0
0,-36,188,0,1729,0,21.11751,-24,-131,138,0,0
0,-36,188,0,1729,0,21.11751,-19,-124,136,0,0
0,-36,188,0,1729,0,21.271,-11,-117,136,0,0
0,-36,188,0,1729,0,21.271,-6,-110,134,0,0
0,-36,188,0,1729,0,21.32195,-1,-103,134,0,0
0,-36,188,0,1729,0,21.4753,4,-97,132,0,0
0,-36,188,0,1729,0,21.4753,24,-90,130,0,0
0,-37,188,0,1729,0,21.5259,29,-84,129,0,0
0,-37,188,0,1729,0,21.6281,35,-77,128,0,0
0,-37,188,0,1729,0,21.67876,39,-71,126,0,0
0,-37,188,0,1729,0,21.72979,44,-64,124,0,0
0,-38,188,0,1729,0,21.78091,48,-58,122,0,0
0,-38,188,0,1729,0,21.83183,53,-52,122,0,0
0,-38,188,0,1729,0,21.83183,56,-46,120,0,0
0,-38,188,0,1729,0,21.88283,60,-40,118,0,0
0,-38,188,0,1729,0,21.9341,62,-34,118,0,0
0,-38,188,0,1729,0,21.98491,64,-28,116,0,0
0,-41,188,0,1729,0,22.08701,70,-22,114,0,0
0,-41,188,0,1729,0,22.13783,70,-16,114,0,0
0,-41,188,0,1729,0,22.18879,70,-10,112,0,0
0,-41,188,0,1729,0,22.23994,69,-5,112,0,0
0,-41,188,0,1729,0,22.34224,69,1,112,0,0
0,-42,188,0,1729,0,22.39296,68,7,110,0,0
0,-42,188,0,1729,0,22.39296,66,12,110,0,0
0,-41,188,0,1729,0,22.54643,59,18,108,0,0
0,-42,188,0,1729,0,22.54643,50,23,108,0,0
0,-42,188,0,1729,0,22.597,44,29,108,0,0
0,-41,188,0,1729,0,22.64801,39,35,108,0,0
0,-42,188,0,1729,0,22.69924,35,40,106,0,0
0,-42,188,0,1729,0,22.75014,30,45,106,0,0
0,-42,188,0,1729,0,22.85215,25,51,106,0,0
0,-41,188,0,1729,0,22.90296,18,56,106,0,0
0,-41,188,0,1729,0,22.9539,12,61,104,0,0
0,-41,188,0,1729,0,22.9539,7,67,104,0,0
0,-41,188,0,1729,0,23.00534,1,72,104,0,0
0,-39,188,0,1729,0,23.10699,-19,77,104,0,0
0,-39,188,0,1729,0,23.1582,-24,83,102,0,0
0,-39,188,0,1729,0,23.20906,-29,88,102,0,0
0,-38,188,0,1729,0,23.26014,-33,93,100,0,0
0,-38,188,0,1729,0,23.31123,-37,98,100,0,0
0,-38,188,0,1729,0,23.36209,-41,103,98,0,0
0,-38,188,0,1729,0,23.46436,-43,108,98,0,0
0,-38,188,0,1729,0,23.51509,-44,113,96,0,0
0,-37,188,0,1729,0,23.51509,-49,118,96,0,0
0,-37,188,0,1729,0,23.56619,-49,123,94,0,0
0,-37,188,0,1729,0,23.66814,-49,127,92,0,0
0,-36,188,0,1729,0,23.71904,-48,132,90,0,0
0,-36,188,0,1729,0,23.77033,-47,137,88,0,0
0,-36,188,0,1729,0,23.8211,-44,141,86,0,0
0,-35,188,0,1729,0,23.87211,-37,145,84,0,0
0,-35,188,0,1729,0,23.92341,-33,149,82,0,0
0,-35,188,0,1729,0,24.02561,-29,153,78,0,0
0,-36,188,0,1729,0,24.07635,-23,157,76,0,0
0,-36,188,0,1729,0,24.07635,-18,161,74,0,0
0,-35,188,0,1729,0,24.12727,-13,165,70,0,0
0,-35,188,0,1729,0,24.22948,-8,168,68,0,0
0,-36,188,0,1729,0,24.28025,8,172,66,0,0
0,-36,188,0,1729,0,24.33125,14,175,62,0,0
0,-36,188,0,1729,0,24.3824,19,178,60,0,0
0,-36,188,0,1729,0,24.43324,26,181,56,0,0
0,-37,188,0,1729,0,24.43324,32,184,54,0,0
0,-37,188,0,1729,0,24.48426,38,186,50,0,0
0,-37,188,0,1729,0,24.53543,43,189,48,0,0
0,-37,188,0,1729,0,24.58638,48,191,44,0,0
0,-38,188,0,1729,0,24.68857,60,193,42,0,0
0,-38,188,0,1729,0,24.73931,63,195,38,0,0
0,-38,188,0,1729,0,24.79056,66,197,36,0,0
0,-38,188,0,1729,0,24.79056,68,199,32,0,0
0,-39,188,0,1729,0,24.84147,70,200,30,0,0
0,-39,188,0,1729,0,24.9956,72,202,26,0,0
0,-39,188,0,1729,0,24.9956,73,203,24,0,0
0,-39,188,0,1729,0,25.04539,73,204,22,0,0
0,-41,188,0,1729,0,25.09645,70,205,18,0,0
0,-41,188,0,1729,0,25.14754,69,206,16,0,0
0,-41,188,0,1729,0,25.24933,67,206,14,0,0
0,-41,188,0,1729,0,25.30061,63,207,12,0,0
0,-41,188,0,1729,0,25.35135,60,208,8,0,0
0,-41,188,0,1729,0,25.35135,56,208,6,0,0
0,-41,188,0,1729,0,25.40249,51,208,4,0,0
0,-41,188,0,1729,0,25.45387,45,208,2,0,0
0,-42,188,0,1729,0,25.55552,32,208,0,0,0
0,-41,188,0,1729,0,25.6066,26,208,0,0,0
0,-41,188,1,1729,0,25.7087,19,208,-2,0,0
0,-41,188,2,1729,0,25.75968,13,208,-2,0,0
0,-41,188,4,1729,0,25.81054,7,208,0,0,0
0,-41,188,5,1729,0,25.81054,1,208,0,0,0
0,-41,189,7,1729,0,25.86156,-5,208,0,0,0
0,-41,189,8,1729,0,25.91288,-12,208,0,0,0
0,-39,189,9,1729,0,26.01452,-27,208,2,0,0
0,-39,190,11,1729,0,26.06573,-32,208,2,0,0
0,-39,191,12,1729,0,26.1166,-37,208,2,0,0
0,-39,191,14,1729,0,26.16748,-42,208,2,0,0
0,-38,192,15,1729,0,26.21895,-45,209,4,0,0
0,-38,193,16,1729,0,26.21895,-49,209,4,0,0
0,-38,194,18,1729,0,26.37203,-51,209,4,0,0
0,-38,195,19,1729,0,26.37203,-54,209,4,0,0
0,-37,196,20,1729,0,26.42268,-56,209,4,0,0
0,-37,197,21,1729,0,26.47363,-56,210,4,0,0
0,-37,198,23,1729,0,26.52493,-56,210,4,0,0
0,-37,199,24,1729,0,26.57564,-55,210,4,0,0
0,-36,200,25,1729,0,26.62661,-53,210,4,0,0
0,-36,202,26,1729,0,26.67796,-50,210,4,0,0
0,-37,203,27,1729,0,26.72876,-48,211,4,0,0
0,-37,205,29,1729,0,26.77988,-43,211,4,0,0
0,-36,206,30,1729,0,26.83105,-35,211,4,0,0
0,-36,208,31,1729,0,26.88184,-20,211,4,0,0
0,-36,209,32,1729,0,26.93289,-14,211,2,0,0
0,-36,211,33,1729,0,26.98405,-8,211,2,0,0
0,-37,213,34,1729,0,27.03466,-2,212,2,0,0
0,-37,214,35,1729,0,27.08603,5,212,2,0,0
0,-37,216,36,1729,0,27.13704,11,212,0,0,0
0,-37,218,37,1729,0,27.18774,18,212,0,0,0
0,-37,220,38,1729,0,27.23882,24,212,0,0,0
0,-37,222,39,1729,0,27.29004,30,212,0,0,0
0,-38,224,40,1729,0,27.34077,42,212,-2,0,0
0,-38,226,41,1729,0,27.3918,48,212,-2,0,0
0,-38,228,42,1729,0,27.44307,53,211,-2,0,0
0,-39,230,43,1729,0,27.49371,64,211,-2,0,0
0,-39,233,44,1729,0,27.54488,68,211,-4,0,0
0,-39,235,45,1729,0,27.5961,70,211,-4,0,0
0,-39,237,45,1729,0,27.64687,73,211,-4,0,0
0,-41,240,46,1729,0,27.6978,75,211,-4,0,0
0,-41,242,47,1729,0,27.74915,76,210,-4,0,0
0,-41,244,48,1729,0,27.7998,76,210,-4,0,0
0,-41,247,49,1729,0,27.85114,76,210,-4,0,0
0,-41,249,50,1729,0,27.90202,74,210,-4,0,0
0,-42,252,50,1729,0,27.95297,68,210,-4,0,0
0,-42,255,50,1729,0,28.0039,63,209,-4,0,0
0,-42,257,52,1729,0,28.05523,60,209,-4,0,0
0,-42,260,51,1729,0,28.10603,55,209,-4,0,0
0,-42,263,53,1729,0,28.15688,50,209,-4,0,0
0,-42,265,54,1729,0,28.20813,44,209,-2,0,0
0,-42,268,54,1729,0,28.30985,38,208,-2,0,0
0,-42,271,55,1729,0,28.30985,32,208,-2,0,0
0,-42,274,56,1729,0,28.36119,26,208,-2,0,0
0,-42,277,56,1729,0,28.41205,19,208,-2,0,0
0,-42,279,57,1729,0,28.46301,12,208,0,0,0
0,-42,282,57,1729,0,28.51418,-6,208,0,0,0
0,-42,285,58,1729,0,28.56502,-13,208,0,0,0
0,-42,288,59,1729,0,28.61624,-20,208,0,0,0
0,-41,291,59,1729,0,28.66758,-26,208,2,0,0
0,-41,294,60,1729,0,28.71876,-32,208,2,0,0
0,-41,297,60,1729,0,28.76906,-38,208,2,0,0
0,-41,301,61,1729,0,28.82032,-43,209,2,0,0
0,-41,304,61,1729,0,28.87105,-53,209,2,0,0
0,-39,307,61,1729,0,28.92212,-61,209,4,0,0
0,-39,310,62,1729,0,29.02413,-62,209,4,0,0
0,-39,313,62,1729,0,29.02413,-64,209,4,0,0
0,-39,316,63,1729,0,29.07503,-64,209,4,0,0
0,-38,319,63,1729,0,29.12642,-64,210,4,0,0
0,-38,323,63,1729,0,29.17717,-64,210,4,0,0
0,-38,326,64,1729,0,29.22812,-63,210,4,0,0
0,-38,329,64,1729,0,29.27977,-57,210,4,0,0
0,-38,332,64,1729,0,29.33017,-54,210,4,0,0
0,-38,336,65,1729,0,29.38132,-49,211,4,0,0
0,-38,339,65,1729,0,29.43238,-44,211,4,0,0
0,-38,342,65,1729,0,29.48353,-39,211,2,0,0
0,-38,346,65,1729,0,29.53419,-33,211,2,0,0
0,-38,349,65,1729,0,29.58544,-16,211,2,0,0
0,-38,352,66,1729,0,29.6362,-8,211,2,0,0
0,-38,356,66,1729,0,29.68725,-1,211,2,0,0
0,-38,359,66,1729,0,29.73848,7,211,0,0,0
0,-38,362,66,1729,0,29.78924,14,211,0,0,0
0,-38,366,66,1729,0,29.84025,21,211,0,0,0
0,-37,369,66,1729,0,29.8915,29,211,0,0,0
0,-37,373,66,1729,0,29.94226,36,211,0,0,0
0,-37,376,67,1729,0,29.99332,43,211,-2,0,0
0,-37,379,67,1729,0,30.04441,49,211,-2,0,0
0,-37,383,67,1729,0,30.09523,55,211,-2,0,0
0,-37,386,67,1729,0,30.14632,74,211,-2,0,0
0,-37,390,67,1729,0,30.19756,78,211,-2,0,0
0,-37,393,67,1729,0,30.24829,81,211,-2,0,0
0,-37,396,67,1729,0,30.29938,84,211,-4,0,0
0,-37,400,67,1729,0,30.35048,85,210,-4,0,0
0,-37,403,67,1729,0,30.40139,86,210,-4,0,0
0,-37,407,66,1729,0,30.45232,87,210,-4,0,0
0,-37,410,66,1729,0,30.5037,87,210,-4,0,0
0,-37,413,66,1729,0,30.55435,86,210,-4,0,0
0,-37,417,66,1729,0,30.60543,85,209,-4,0,0
0,-37,420,66,1729,0,30.65664,82,209,-4,0,0
0,-37,424,66,1729,0,30.70746,68,209,-4,0,0
0,-37,427,66,1729,0,30.75842,63,209,-2,0,0
0,-37,430,65,1729,0,30.8097,59,209,-2,0,0
0,-37,434,65,1729,0,30.86047,53,209,-2,0,0
0,-37,437,65,1729,0,30.91145,45,209,-2,0,0
0,-37,440,65,1729,0,30.96269,39,208,-2,0,0
0,-37,443,64,1729,0,31.0136,32,208,-2,0,0
0,-38,447,64,1729,0,31.06447,25,208,0,0,0
0,-38,450,64,1729,0,31.1158,18,208,0,0,0
0,-38,453,63,1729,0,31.16648,-2,208,0,0,0
0,-38,456,63,1729,0,31.21753,-10,208,0,0,0
0,-38,460,63,1729,0,31.26874,-17,208,0,0,0
0,-38,463,62,1729,0,31.31949,-24,208,2,0,0
0,-38,466,62,1729,0,31.37053,-30,209,2,0,0
0,-38,469,62,1729,0,31.42181,-36,209,2,0,0
0,-38,472,61,1729,0,31.47253,-42,209,2,0,0
0,-38,475,61,1729,0,31.52359,-47,209,2,0,0
0,-39,478,60,1729,0,31.57475,-57,209,2,0,0
0,-39,481,60,1729,0,31.62553,-60,209,2,0,0
0,-39,485,59,1729,0,31.67657,-62,209,4,0,0
0,-39,488,59,1729,0,31.72785,-63,209,4,0,0
0,-39,490,58,1729,0,31.77871,-64,210,4,0,0
0,-39,493,58,1729,0,31.82965,-64,210,4,0,0
0,-39,496,57,1729,0,31.88085,-61,210,4,0,0
0,-39,499,57,1729,0,31.93163,-57,210,4,0,0
0,-39,502,56,1729,0,31.98255,-55,210,2,0,0
0,-39,505,55,1729,0,32.0339,-50,210,2,0,0
0,-39,508,55,1729,0,32.08464,-45,211,2,0,0
0,-39,511,54,1729,0,32.13569,-41,211,2,0,0
0,-39,513,53,1729,0,32.18691,-36,211,2,0,0
0,-39,516,53,1729,0,32.2377,-18,211,2,0,0
0,-39,519,52,1729,0,32.28866,-11,211,2,0,0
0,-39,521,51,1729,0,32.33995,-4,211,2,0,0
0,-39,524,51,1729,0,32.39069,4,211,0,0,0
0,-39,526,50,1729,0,32.44178,11,211,0,0,0
0,-39,529,49,1729,0,32.49294,18,211,0,0,0
0,-39,531,48,1729,0,32.54386,25,211,0,0,0
0,-39,534,48,1729,0,32.59473,32,211,0,0,0
0,-39,536,47,1729,0,32.64602,39,211,-2,0,0
0,-39,539,46,1729,0,32.69696,47,211,-2,0,0
0,-39,541,45,1729,0,32.74781,62,211,-2,0,0
0,-39,543,44,1729,0,32.799,68,211,-2,0,0
0,-39,545,43,1729,0,32.84982,73,211,-2,0,0
0,-39,547,42,1729,0,32.9008,76,211,-2,0,0
0,-39,550,41,1729,0,32.95213,80,210,-2,0,0
0,-39,552,41,1729,0,33.00281,82,210,-2,0,0
0,-39,554,40,1729,0,33.05391,85,210,-2,0,0
0,-39,556,39,1729,0,33.10506,87,210,-2,0,0
0,-39,558,38,1729,0,33.15582,86,210,-2,0,0
0,-39,560,37,1729,0,33.20694,85,210,-2,0,0
0,-39,561,36,1729,0,33.25812,81,210,-2,0,0
0,-39,563,35,1729,0,33.30898,79,210,-2,0,0
0,-39,565,33,1729,0,33.35991,75,210,-2,0,0
0,-41,567,32,1729,0,33.41111,62,209,-2,0,0
0,-41,568,31,1729,0,33.46193,56,209,-2,0,0
0,-41,570,30,1729,0,33.5129,50,209,-2,0,0
0,-41,571,29,1729,0,33.56421,43,209,-2,0,0
0,-41,573,28,1729,0,33.6149,36,209,-2,0,0
0,-41,574,27,1729,0,33.66601,29,209,0,0,0
0,-39,575,26,1729,0,33.71712,21,209,0,0,0
0,-39,577,24,1729,0,33.76796,14,209,0,0,0
0,-41,578,23,1729,0,33.81894,-5,209,0,0,0
0,-39,579,22,1729,0,33.87021,-12,209,0,0,0
0,-39,580,21,1729,0,33.92097,-18,209,0,0,0
0,-39,581,19,1729,0,33.97201,-25,209,2,0,0
0,-39,582,18,1729,0,34.02316,-31,209,2,0,0
0,-39,583,17,1729,0,34.07435,-37,209,2,0,0
0,-39,584,16,1729,0,34.12502,-42,209,2,0,0
0,-39,584,14,1729,0,34.17624,-47,210,2,0,0
0,-39,585,13,1729,0,34.22702,-51,210,2,0,0
0,-41,586,11,1729,0,34.27806,-60,210,2,0,0
0,-41,586,10,1729,0,34.32917,-62,210,2,0,0
0,-41,587,9,1729,0,34.38009,-63,210,2,0,0
0,-41,587,7,1729,0,34.43107,-63,210,2,0,0
0,-41,587,6,1729,0,34.53296,-63,210,2,0,0
0,-41,587,4,1729,0,34.53296,-62,210,2,0,0
0,-41,588,3,1729,0,34.58403,-60,210,2,0,0
0,-41,588,1,1729,0,34.6353,-57,210,2,0,0
0,-41,588,1,1729,0,34.68616,-55,211,2,0,0
0,-41,588,0,1729,0,34.73737,-43,211,0,0,0
0,-41,588,0,1729,0,34.83923,-38,211,0,0,0
0,-39,588,0,1729,0,34.89005,-32,211,0,0,0
0,-39,588,0,1729,0,34.94131,-26,211,0,0,0
0,-39,588,0,1729,0,34.94131,-20,211,0,0,0
0,-39,588,0,1729,0,35.09464,-13,211,0,0,0
0,-39,588,0,1729,0,35.09464,-6,211,0,0,0
0,-39,588,0,1729,0,35.14512,0,211,0,0,0
0,-39,588,0,1729,0,35.24723,14,211,0,0,0
0,-39,588,0,1729,0,35.29815,21,211,0,0,0
0,-39,588,0,1729,0,35.34919,29,211,0,0,0
0,-41,588,0,1729,0,35.4003,48,211,0,0,0
0,-41,588,0,1729,0,35.50277,54,211,0,0,0
0,-41,588,0,1729,0,35.55332,60,211,0,0,0
0,-41,588,0,1729,0,35.60424,66,211,0,0,0
0,-41,588,0,1729,0,35.65518,70,211,0,0,0
0,-41,588,0,1729,0,35.65518,75,211,0,0,0
0,-41,588,0,1729,0,35.80863,79,211,0,0,0
0,-42,588,0,1729,0,35.85939,86,211,0,0,0
0,-42,588,0,1729,0,35.85939,87,211,0,0,0
0,-42,588,0,1729,0,36.01287,87,211,0,0,0
0,-42,588,0,1729,0,36.01287,87,211,0,0,0
0,-42,588,0,1729,0,36.06337,86,211,0,0,0
0,-42,588,0,1729,0,36.21671,85,211,0,0,0
0,-41,588,0,1729,0,36.21671,78,211,0,0,0
0,-41,588,0,1729,0,36.26749,73,211,0,0,0
0,-41,588,0,1729,0,36.31855,69,211,0,0,0
0,-41,588,0,1729,0,36.36945,63,211,0,0,0
0,-41,588,0,1729,0,36.47143,59,211,0,0,0
0,-41,588,0,1729,0,36.5223,53,211,0,0,0
0,-41,588,0,1729,0,36.62497,35,211,0,0,0
0,-41,588,0,1729,0,36.67536,27,211,0,0,0
0,-41,588,0,1729,0,36.67536,20,211,0,0,0
0,-41,588,0,1729,0,36.82896,13,211,0,0,0
0,-41,588,0,1729,0,36.87946,6,211,0,0,0
0,-41,588,0,1729,0,36.9817,-1,211,0,0,0
0,-41,588,0,1729,0,37.03255,-8,211,0,0,0
0,-41,588,0,1729,0,37.13487,-16,211,0,0,0
0,-41,588,0,1729,0,37.18552,-23,211,0,0,0
0,-41,588,0,1729,0,37.28796,-38,211,0,0,0
0,-41,588,0,1729,0,37.33858,-43,211,0,0,0
0,-41,588,0,1729,0,37.38978,-48,211,0,0,0
0,-42,588,0,1729,0,37.49195,-53,211,0,0,0
0,-42,588,0,1729,0,37.54278,-55,211,0,0,0
0,-41,588,0,1729,0,37.59354,-59,211,0,0,0
0,-41,588,0,1729,0,37.69606,-61,211,0,0,0
0,-42,588,0,1729,0,37.7465,-62,211,0,0,0
0,-42,588,0,1729,0,37.84917,-62,211,0,0,0
0,-42,588,0,1729,0,37.89964,-61,211,0,0,0
0,-42,588,0,1729,0,38.00218,-59,211,0,0,0
0,-42,588,0,1729,0,38.05264,-56,211,0,0,0
0,-42,588,0,1729,0,38.15524,-53,211,0,0,0
0,-42,588,0,1729,0,38.20565,-49,211,0,0,0
0,-42,588,0,1729,0,38.35909,-44,211,0,0,0
0,-42,588,0,1729,0,38.35909,-39,211,0,0,0
0,-42,588,0,1729,0,38.51167,-35,211,0,0,0
0,-41,588,0,1729,0,38.51167,-21,211,0,0,0
0,-42,588,0,1729,0,38.56316,-16,211,0,0,0
0,-42,588,0,1729,0,38.71611,4,211,0,0,0
0,-42,588,0,1729,0,38.71611,11,211,0,0,0
0,-42,588,0,1729,0,38.86924,18,211,0,0,0
0,-42,588,0,1729,0,38.91999,25,211,0,0,0
0,-42,588,0,1729,0,39.02222,31,211,0,0,0
0,-43,588,0,1729,0,39.07304,38,211,0,0,0
0,-43,588,0,1729,0,39.17527,45,211,0,0,0
0,-43,588,0,1729,0,39.22585,51,211,0,0,0
0,-43,588,0,1729,0,39.32825,63,211,0,0,0
0,-43,588,0,1729,0,39.48101,75,211,0,0,0
0,-43,588,0,1729,0,39.58331,79,211,0,0,0
0,-43,588,0,1729,0,39.63395,81,211,0,0,0
0,-43,588,0,1729,0,39.73621,84,211,0,0,0
0,-43,588,0,1729,0,39.78701,85,211,0,0,0
0,-43,588,0,1729,0,39.88933,86,211,0,0,0
0,-43,588,0,1729,0,39.94001,86,211,0,0,0
0,-43,588,0,1729,0,40.04226,86,211,0,0,0
0,-43,588,0,1729,0,40.09308,80,211,0,0,0
0,-43,588,0,1729,0,40.19554,78,211,0,0,0
0,-43,588,0,1729,0,40.24596,74,211,0,0,0
0,-43,588,0,1729,0,40.39949,69,211,0,0,0
0,-42,588,0,1729,0,40.39949,64,211,0,0,0
0,-42,588,0,1729,0,40.55249,60,211,0,0,0
0,-42,588,0,1729,0,40.60328,54,211,0,0,0
0,-41,588,0,1729,0,40.70555,48,211,0,0,0
0,-39,588,0,1729,0,40.75628,30,211,0,0,0
0,-39,588,0,1729,0,40.85849,23,211,0,0,0
0,-39,588,0,1729,0,40.90933,16,211,0,0,0
0,-39,588,0,1729,0,40.96015,8,211,0,0,0
0,-38,588,0,1729,0,41.0628,1,211,0,0,0
0,-38,588,0,1729,0,41.11312,-6,211,0,0,0
0,-37,588,0,1729,0,41.21534,-12,211,0,0,0
0,-37,588,0,1729,0,41.26617,-19,211,0,0,0
0,-37,588,0,1729,0,41.36877,-25,211,0,0,0
0,-37,588,0,1729,0,41.52177,-41,211,0,0,0
0,-37,588,0,1729,0,41.52177,-45,211,0,0,0
0,-36,588,0,1729,0,41.67491,-49,211,0,0,0
0,-36,588,0,1729,0,41.72533,-53,211,0,0,0
0,-36,588,0,1729,0,41.82802,-56,211,0,0,0
0,-36,588,0,1729,0,41.87818,-59,211,0,0,0
0,-36,588,0,1729,0,41.87818,-60,211,0,0,0
0,-36,588,0,1729,0,42.03173,-62,211,0,0,0
0,-36,588,0,1729,0,42.03173,-61,211,0,0,0
0,-36,588,0,1729,0,42.08244,-57,211,0,0,0
0,-36,588,0,1729,0,42.13365,-54,211,0,0,0
0,-36,588,0,1729,0,42.23545,-50,211,0,0,0
0,-36,588,0,1729,0,42.28655,-47,211,0,0,0
0,-36,588,0,1729,0,42.43996,-42,211,0,0,0
0,-37,588,0,1729,0,42.54147,-36,211,0,0,0
0,-37,588,0,1729,0,42.59275,-31,211,0,0,0
0,-37,588,0,1729,0,42.69486,-25,211,0,0,0
0,-37,588,0,1729,0,42.74566,-18,211,0,0,0
0,-38,588,0,1729,0,42.84783,-5,211,0,0,0
0,-38,588,0,1729,0,42.89865,2,211,0,0,0
0,-39,588,0,1729,0,42.94952,10,211,0,0,0
0,-41,588,0,1729,0,43.0521,27,211,0,0,0
0,-41,588,0,1729,0,43.1025,35,211,0,0,0
0,-42,588,0,1729,0,43.20509,41,211,0,0,0
0,-42,588,0,1729,0,43.25568,48,211,0,0,0
0,-42,588,0,1729,0,43.35866,54,211,0,0,0
0,-42,588,0,1729,0,43.40858,59,211,0,0,0
0,-43,588,0,1729,0,43.56201,64,211,0,0,0
0,-43,588,0,1729,0,43.66422,68,211,0,0,0
0,-43,588,0,1729,0,43.76604,79,211,0,0,0
0,-43,588,0,1729,0,43.91911,81,211,0,0,0
0,-43,588,0,1729,0,43.96994,82,211,0,0,0
0,-44,588,0,1729,0,44.07219,84,211,0,0,0
0,-44,588,0,1729,0,44.12322,85,211,0,0,0
0,-44,588,0,1729,0,44.22511,84,211,0,0,0
0,-43,588,0,1729,0,44.27581,84,211,0,0,0
0,-43,588,0,1729,0,44.37816,80,211,0,0,0
0,-43,588,0,1729,0,44.42882,70,211,0,0,0
0,-42,588,0,1729,0,44.5307,67,211,0,0,0
0,-42,588,0,1729,0,44.58196,61,211,0,0,0
0,-42,588,0,1729,0,44.68429,56,211,0,0,0
0,-42,588,0,1729,0,44.73508,50,211,0,0,0
0,-41,588,0,1729,0,44.83728,44,211,0,0,0
0,-41,588,0,1729,0,44.99037,38,211,0,0,0
0,-39,588,0,1729,0,45.04109,31,211,0,0,0
0,-38,588,0,1729,0,45.14328,12,211,0,0,0
0,-38,588,0,1729,0,45.19409,5,211,0,0,0
0,-37,588,0,1729,0,45.29594,-2,211,0,0,0
0,-37,588,0,1729,0,45.34715,-8,211,0,0,0
0,-37,588,0,1729,0,45.44933,-16,211,0,0,0
0,-37,588,0,1729,0,45.50015,-21,211,0,0,0
0,-37,588,0,1729,0,45.60238,-27,211,0,0,0
0,-36,588,0,1729,0,45.75537,-33,211,0,0,0
0,-36,588,0,1729,0,45.85751,-38,211,0,0,0
0,-36,588,0,1729,0,45.90804,-48,211,0,0,0
0,-36,588,0,1729,0,46.01068,-56,211,0,0,0
0,-36,588,0,1729,0,46.06098,-59,211,0,0,0
0,-36,588,0,1729,0,46.16315,-60,211,0,0,0
0,-36,588,0,1729,0,46.21417,-60,211,0,0,0
0,-36,588,0,1729,0,46.31672,-60,211,0,0,0
0,-36,588,0,1729,0,46.36716,-60,211,0,0,0
0,-36,588,0,1729,0,46.52061,-57,211,0,0,0
0,-36,588,0,1729,0,46.52061,-56,211,0,0,0
0,-36,588,0,1729,0,46.67352,-53,211,0,0,0
0,-36,588,0,1729,0,46.72445,-50,211,0,0,0
0,-37,588,0,1729,0,46.82654,-45,211,0,0,0
0,-38,588,0,1729,0,46.87752,-27,211,0,0,0
0,-38,588,0,1729,0,46.9796,-21,211,0,0,0
0,-38,588,0,1729,0,47.0305,-14,211,0,0,0
0,-38,588,0,1729,0,47.13269,-8,211,0,0,0
0,-39,588,0,1729,0,47.18349,-1,211,0,0,0
0,-39,588,0,1729,0,47.28571,5,211,0,0,0
0,-41,588,0,1729,0,47.33661,12,211,0,0,0
0,-41,588,0,1729,0,47.43874,19,211,0,0,0
0,-41,588,0,1729,0,47.48948,26,211,0,0,0
0,-42,588,0,1729,0,47.64293,32,211,0,0,0
0,-42,588,0,1729,0,47.74473,49,211,0,0,0
0,-43,588,0,1729,0,47.79555,55,211,0,0,0
0,-43,588,0,1729,0,47.89774,60,211,0,0,0
0,-43,588,0,1729,0,47.94879,64,211,0,0,0
0,-43,588,0,1729,0,48.0513,69,211,0,0,0
0,-43,588,0,1729,0,48.10168,73,211,0,0,0
0,-43,588,0,1729,0,48.15252,76,211,0,0,0
0,-43,588,0,1729,0,48.25505,79,211,0,0,0
0,-43,588,0,1729,0,48.30548,82,211,0,0,0
0,-43,588,0,1729,0,48.35657,82,211,0,0,0
0,-43,588,0,1729,0,48.35657,81,211,0,0,0
0,-43,588,0,1729,0,48.40783,80,211,0,0,0
0,-43,588,0,1729,0,48.56122,78,211,0,0,0
0,-43,588,0,1729,0,48.56122,74,211,0,0,0
0,-43,588,0,1729,0,48.71402,70,211,0,0,0
0,-42,588,0,1729,0,48.76455,57,211,0,0,0
0,-41,588,0,1729,0,48.86715,53,211,0,0,0
0,-41,588,0,1729,0,48.91762,47,211,0,0,0
0,-39,588,0,1729,0,49.02018,41,211,0,0,0
0,-39,588,0,1729,0,49.07063,33,211,0,0,0
0,-38,588,0,1729,0,49.17312,26,211,0,0,0
0,-38,588,0,1729,0,49.22366,20,211,0,0,0
0,-38,588,0,1729,0,49.27464,13,211,0,0,0
0,-37,588,0,1729,0,49.37698,-6,211,0,0,0
0,-37,588,0,1729,0,49.42759,-12,211,0,0,0
0,-36,588,0,1729,0,49.47893,-18,211,0,0,0
0,-36,588,0,1729,0,49.58122,-24,211,0,0,0
0,-36,588,0,1729,0,49.63185,-30,211,0,0,0
0,-36,588,0,1729,0,49.73414,-35,211,0,0,0
0,-36,588,0,1729,0,49.78494,-39,211,0,0,0
0,-36,588,0,1729,0,49.83572,-44,211,0,0,0
0,-36,588,0,1729,0,49.9382,-48,211,0,0,0
0,-36,588,0,1729,0,49.98869,-51,211,0,0,0
0,-36,588,0,1729,0,50.09134,-56,211,0,0,0
0,-36,588,0,1729,0,50.1418,-57,211,0,0,0
0,-36,588,0,1729,0,50.24437,-59,211,0,0,0
0,-36,588,0,1729,0,50.29474,-57,211,0,0,0
0,-36,588,0,1729,0,50.39751,-55,211,0,0,0
0,-37,588,0,1729,0,50.44804,-53,211,0,0,0
0,-37,588,0,1729,0,50.6013,-50,211,0,0,0
0,-37,588,0,1729,0,50.6013,-47,211,0,0,0
0,-37,588,0,1729,0,50.65193,-42,211,0,0,0
0,-38,588,0,1729,0,50.75399,-38,211,0,0,0
0,-38,588,0,1729,0,50.80499,-32,211,0,0,0
0,-38,588,0,1729,0,50.85614,-17,211,0,0,0
0,-39,588,0,1729,0,50.95839,-11,211,0,0,0
0,-39,588,0,1729,0,51.00923,-5,211,0,0,0
0,0,0,0,0,0,51.06005,0,0,0,0,0
0,0,0,0,0,0,51.16265,0,0,0,0,0
0,0,0,0,0,0,51.2131,0,0,0,0,0
0,0,0,0,0,0,51.26387,0,0,0,0,0
0,0,0,0,0,0,51.36638,0,0,0,0,0
0,0,0,0,0,0,51.41699,0,0,0,0,0
0,0,0,0,0,0,51.51944,0,0,0,0,0
0,0,0,0,0,0,51.56988,0,0,0,0,0
0,0,0,0,0,0,51.62123,0,0,0,0,0
0,0,0,0,0,0,51.72333,0,0,0,0,0
0,0,0,0,0,0,51.77423,0,0,0,0,0
0,0,0,0,0,0,51.87607,0,0,0,0,0
0,0,0,0,0,0,51.92728,0,0,0,0,0
0,0,0,0,0,0,52.08065,0,0,0,0,0
0,0,0,0,0,0,52.08065,0,0,0,0,0
0,0,0,0,0,0,52.23376,0,0,0,0,0
0,0,0,0,0,0,52.28426,0,0,0,0,0
0,0,0,0,0,0,52.38639,0,0,0,0,0
0,0,0,0,0,0,52.43729,0,0,0,0,0
0,0,0,0,0,0,52.53962,0,0,0,0,0
0,0,0,0,0,0,52.59024,0,0,0,0,0
0,0,0,0,0,0,52.69234,0,0,0,0,0
0,0,0,0,0,0,52.74331,0,0,0,0,0
0,0,0,0,0,0,52.84584,0,0,0,0,0
0,0,0,0,0,0,52.89627,0,0,0,0,0
0,0,0,0,0,0,52.99876,0,0,0,0,0
0,0,0,0,0,0,53.04934,0,0,0,0,0
0,0,0,0,0,0,53.20273,0,0,0,0,0
0,0,0,0,0,0,53.20273,0,0,0,0,0
0,0,0,0,0,0,53.35579,0,0,0,0,0
0,0,0,0,0,0,53.40639,0,0,0,0,0
0,0,0,0,0,0,53.50875,0,0,0,0,0
0,0,0,0,0,0,53.55936,0,0,0,0,0
0,0,0,0,0,0,53.66186,0,0,0,0,0
0,0,0,0,0,0,53.71237,0,0,0,0,0
0,0,0,0,0,0,53.76363,0,0,0,0,0
0,0,0,0,0,0,53.86592,0,0,0,0,0
0,0,0,0,0,0,53.91661,0,0,0,0,0
0,0,0,0,0,0,54.01843,0,0,0,0,0
0,0,0,0,0,0,54.06985,0,0,0,0,0
0,0,0,0,0,0,54.17221,0,0,0,0,0
0,0,0,0,0,0,54.22271,0,0,0,0,0
0,0,0,0,0,0,54.32487,0,0,0,0,0
0,0,0,0,0,0,54.37579,0,0,0,0,0
0,0,0,0,0,0,54.42659,0,0,0,0,0
0,0,0,0,0,0,54.52916,0,0,0,0,0
0,0,0,0,0,0,54.57977,0,0,0,0,0
0,0,0,0,0,0,54.63048,0,0,0,0,0
0,0,0,0,0,0,54.73305,0,0,0,0,0
0,0,0,0,0,0,54.78366,0,0,0,0,0
0,0,0,0,0,0,54.83491,0,0,0,0,0
0,0,0,0,0,0,54.9374,0,0,0,0,0
0,0,0,0,0,0,54.98798,0,0,0,0,0
0,0,0,0,0,0,55.03868,0,0,0,0,0
0,0,0,0,0,0,55.14131,0,0,0,0,0
0,0,0,0,0,0,55.19167,0,0,0,0,0
0,0,0,0,0,0,55.24272,0,0,0,0,0
0,0,0,0,0,0,55.3451,0,0,0,0,0
0,0,0,0,0,0,55.39571,0,0,0,0,0
0,0,0,0,0,0,55.39571,0,0,0,0,0
0,0,0,0,0,0,55.44706,0,0,0,0,0
0,0,0,0,0,0,55.60086,0,0,0,0,0
0,0,0,0,0,0,55.65074,0,0,0,0,0
0,0,0,0,0,0,55.65074,0,0,0,0,0
0,0,0,0,0,0,55.702,0,0,0,0,0
0,0,0,0,0,0,55.80382,0,0,0,0,0
0,0,0,0,0,0,55.85477,0,0,0,0,0
0,0,0,0,0,0,0,0,0,0,0,0
0,0,0,0,0,0,0,0,0,0,0,0
0,0,0,0,0,0,0,0,0,0,0,0
0,0,0,0,0,0,0,0,0,0,0,0
0,0,0,0,0,0,0,0,0,0,0,0
0,0,0,0,0,0,0,0,0,0,0,0
0,0,0,0,0,0,0,0,0,0,0,0
0,0,0,0,0,0,0,0,0,0,0,0
0,0,0,0,0,0,0,0,0,0,0,0
0,0,0,0,0,0,0,0,0,0,0,0
0,0,0,0,0,0,0,0,0,0,0,0
0,0,0,0,0,0,0,0,0,0,0,0
0,0,0,0,0,0,0,0,0,0,0,0
0,0,0,0,0,0,0,0,0,0,0,0
0,0,0,0,0,0,0,0,0,0,0,0
0,0,0,0,0,0,0,0,0,0,0,0
0,0,0,0,0,0,0,0,0,0,0,0
0,0,0,0,0,0,0,0,0,0,0,0
0,0,0,0,0,0,0,0,0,0,0,0
0,0,0,0,0,0,0,0,0,0,0,0
0,0,0,0,0,0,0,0,0,0,0,0
0,0,0,0,0,0,0,0,0,0,0,0
0,0,0,0,0,0,0,0,0,0,0,0
0,0,0,0,0,0,0,0,0,0,0,0
0,0,0,0,0,0,0,0,0,0,0,0
0,0,0,0,0,0,0,0,0,0,0,0
0,0,0,0,0,0,0,0,0,0,0,0
0,0,0,0,0,0,0,0,0,0,0,0
0,0,0,0,0,0,0,0,0,0,0,0
0,0,0,0,0,0,0,0,0,0,0,0
0,0,0,0,0,0,0,0,0,0,0,0
0,0,0,0,0,0,0,0,0,0,0,0
0,0,0,0,0,0,0,0,0,0,0,0
0,0,0,0,0,0,0,0,0,0,0,0
0,0,0,0,0,0,0,0,0,0,0,0
0,0,0,0,0,0,0,0,0,0,0,0
0,0,0,0,0,0,0,0,0,0,0,0
0,0,0,0,0,0,0,0,0,0,0,0
0,0,0,0,0,0,0,0,0,0,0,0
0,0,0,0,0,0,0,0,0,0,0,0
0,0,0,0,0,0,0,0,0,0,0,0
0,0,0,0,0,0,0,0,0,0,0,0
0,0,0,0,0,0,0,0,0,0,0,0
0,0,0,0,0,0,0,0,0,0,0,0
0,0,0,0,0,0,0,0,0,0,0,0
0,0,0,0,0,0,0,0,0,0,0,0
0,0,0,0,0,0,0,0,0,0,0,0
0,0,0,0,0,0,0,0,0,0,0,0
0,0,0,0,0,0,0,0,0,0,0,0
0,0,0,0,0,0,0,0,0,0,0,0
0,0,0,0,0,0,0,0,0,0,0,0
0,0,0,0,0,0,0,0,0,0,0,0
0,0,0,0,0,0,0,0,0,0,0,0
0,0,0,0,0,0,0,0,0,0,0,0
0,0,0,0,0,0,0,0,0,0,0,0
0,0,0,0,0,0,0,0,0,0,0,0
0,0,0,0,0,0,0,0,0,0,0,0
0,0,0,0,0,0,0,0,0,0,0,0
0,0,0,0,0,0,0,0,0,0,0,0
0,0,0,0,0,0,0,0,0,0,0,0
0,0,0,0,0,0,0,0,0,0,0,0
0,0,0,0,0,0,0,0,0,0,0,0
0,0,0,0,0,0,0,0,0,0,0,0
0,0,0,0,0,0,0,0,0,0,0,0
0,0,0,0,0,0,0,0,0,0,0,0
0,0,0,0,0,0,0,0,0,0,0,0
0,0,0,0,0,0,0,0,0,0,0,0
0,0,0,0,0,0,0,0,0,0,0,0
0,0,0,0,0,0,0,0,0,0,0,0
0,0,0,0,0,0,0,0,0,0,0,0
0,0,0,0,0,0,0,0,0,0,0,0
0,0,0,0,0,0,0,0,0,0,0,0
0,0,0,0,0,0,0,0,0,0,0,0
0,0,0,0,0,0,0,0,0,0,0,0
0,0,0,0,0,0,0,0,0,0,0,0
0,0,0,0,0,0,0,0,0,0,0,0
0,0,0,0,0,0,0,0,0,0,0,0
0,0,0,0,0,0,0,0,0,0,0,0
0,0,0,0,0,0,0,0,0,0,0,0
0,0,0,0,0,0,0,0,0,0,0,0
0,0,0,0,0,0,0,0,0,0,0,0
0,0,0,0,0,0,0,0,0,0,0,0
0,0,0,0,0,0,0,0,0,0,0,0
0,0,0,0,0,0,0,0,0,0,0,0
0,0,0,0,0,0,0,0,0,0,0,0
0,0,0,0,0,0,0,0,0,0,0,0
0,0,0,0,0,0,0,0,0,0,0,0
0,0,0,0,0,0,0,0,0,0,0,0
0,0,0,0,0,0,0,0,0,0,0,0
0,0,0,0,0,0,0,0,0,0,0,0
0,0,0,0,0,0,0,0,0,0,0,0
0,0,0,0,0,0,0,0,0,0,0,0
0,0,0,0,0,0,0,0,0,0,0,0
0,0,0,0,0,0,0,0,0,0,0,0
0,0,0,0,0,0,0,0,0,0,0,0
0,0,0,0,0,0,0,0,0,0,0,0
0,0,0,0,0,0,0,0,0,0,0,0
0,0,0,0,0,0,0,0,0,0,0,0
0,0,0,0,0,0,0,0,0,0,0,0
0,0,0,0,0,0,0,0,0,0,0,0
0,0,0,0,0,0,0,0,0,0,0,0
0,0,0,0,0,0,0,0,0,0,0,0
0,0,0,0,0,0,0,0,0,0,0,0
0,0,0,0,0,0,0,0,0,0,0,0
0,0,0,0,0,0,0,0,0,0,0,0
0,0,0,0,0,0,0,0,0,0,0,0
0,0,0,0,0,0,0,0,0,0,0,0
0,0,0,0,0,0,0,0,0,0,0,0
0,0,0,0,0,0,0,0,0,0,0,0
0,0,0,0,0,0,0,0,0,0,0,0
0,0,0,0,0,0,0,0,0,0,0,0
0,0,0,0,0,0,0,0,0,0,0,0
0,0,0,0,0,0,0,0,0,0,0,0
0,0,0,0,0,0,0,0,0,0,0,0
0,0,0,0,0,0,0,0,0,0,0,0
0,0,0,0,0,0,0,0,0,0,0,0
0,0,0,0,0,0,0,0,0,0,0,0
0,0,0,0,0,0,0,0,0,0,0,0
0,0,0,0,0,0,0,0,0,0,0,0
0,0,0,0,0,0,0,0,0,0,0,0
0,0,0,0,0,0,0,0,0,0,0,0
0,0,0,0,0,0,0,0,0,0,0,0
0,0,0,0,0,0,0,0,0,0,0,0
0,0,0,0,0,0,0,0,0,0,0,0
0,0,0,0,0,0,0,0,0,0,0,0
0,0,0,0,0,0,0,0,0,0,0,0
0,0,0,0,0,0,0,0,0,0,0,0
0,0,0,0,0,0,0,0,0,0,0,0
0,0,0,0,0,0,0,0,0,0,0,0
0,0,0,0,0,0,0,0,0,0,0,0
0,0,0,0,0,0,0,0,0,0,0,0
0,0,0,0,0,0,0,0,0,0,0,0
0,0,0,0,0,0,0,0,0,0,0,0
0,0,0,0,0,0,0,0,0,0,0,0
0,0,0,0,0,0,0,0,0,0,0,0
0,0,0,0,0,0,0,0,0,0,0,0
0,0,0,0,0,0,0,0,0,0,0,0
0,0,0,0,0,0,0,0,0,0,0,0
0,0,0,0,0,0,0,0,0,0,0,0
0,0,0,0,0,0,0,0,0,0,0,0
0,0,0,0,0,0,0,0,0,0,0,0
0,0,0,0,0,0,0,0,0,0,0,0
0,0,0,0,0,0,0,0,0,0,0,0
0,0,0,0,0,0,0,0,0,0,0,0
0,0,0,0,0,0,0,0,0,0,0,0
0,0,0,0,0,0,0,0,0,0,0,0
0,0,0,0,0,0,0,0,0,0,0,0
0,0,0,0,0,0,0,0,0,0,0,0
0,0,0,0,0,0,0,0,0,0,0,0
0,0,0,0,0,0,0,0,0,0,0,0
0,0,0,0,0,0,0,0,0,0,0,0
0,0,0,0,0,0,0,0,0,0,0,0
0,0,0,0,0,0,0,0,0,0,0,0
0,0,0,0,0,0,0,0,0,0,0,0
0,0,0,0,0,0,0,0,0,0,0,0
0,0,0,0,0,0,0,0,0,0,0,0
0,0,0,0,0,0,0,0,0,0,0,0
0,0,0,0,0,0,0,0,0,0,0,0
0,0,0,0,0,0,0,0,0,0,0,0
0,0,0,0,0,0,0,0,0,0,0,0
0,0,0,0,0,0,0,0,0,0,0,0
0,0,0,0,0,0,0,0,0,0,0,0
0,0,0,0,0,0,0,0,0,0,0,0
0,0,0,0,0,0,0,0,0,0,0,0
0,0,0,0,0,0,0,0,0,0,0,0
0,0,0,0,0,0,0,0,0,0,0,0
0,0,0,0,0,0,0,0,0,0,0,0
0,0,0,0,0,0,0,0,0,0,0,0
0,0,0,0,0,0,0,0,0,0,0,0
0,0,0,0,0,0,0,0,0,0,0,0
0,0,0,0,0,0,0,0,0,0,0,0
0,0,0,0,0,0,0,0,0,0,0,0
0,0,0,0,0,0,0,0,0,0,0,0
0,0,0,0,0,0,0,0,0,0,0,0
0,0,0,0,0,0,0,0,0,0,0,0
0,0,0,0,0,0,0,0,0,0,0,0
0,0,0,0,0,0,0,0,0,0,0,0
0,0,0,0,0,0,0,0,0,0,0,0
0,0,0,0,0,0,0,0,0,0,0,0
0,0,0,0,0,0,0,0,0,0,0,0
0,0,0,0,0,0,0,0,0,0,0,0
0,0,0,0,0,0,0,0,0,0,0,0
0,0,0,0,0,0,0,0,0,0,0,0
0,0,0,0,0,0,0,0,0,0,0,0
0,0,0,0,0,0,0,0,0,0,0,0
0,0,0,0,0,0,0,0,0,0,0,0
0,0,0,0,0,0,0,0,0,0,0,0
0,0,0,0,0,0,0,0,0,0,0,0
0,0,0,0,0,0,0,0,0,0,0,0
0,0,0,0,0,0,0,0,0,0,0,0
0,0,0,0,0,0,0,0,0,0,0,0
0,0,0,0,0,0,0,0,0,0,0,0
0,0,0,0,0,0,0,0,0,0,0,0
0,0,0,0,0,0,0,0,0,0,0,0
0,0,0,0,0,0,0,0,0,0,0,0
0,0,0,0,0,0,0,0,0,0,0,0
0,0,0,0,0,0,0,0,0,0,0,0
0,0,0,0,0,0,0,0,0,0,0,0
0,0,0,0,0,0,0,0,0,0,0,0
0,0,0,0,0,0,0,0,0,0,0,0
0,0,0,0,0,0,0,0,0,0,0,0
0,0,0,0,0,0,0,0,0,0,0,0
0,0,0,0,0,0,0,0,0,0,0,0
0,0,0,0,0,0,0,0,0,0,0,0
0,0,0,0,0,0,0,0,0,0,0,0
0,0,0,0,0,0,0,0,0,0,0,0
0,0,0,0,0,0,0,0,0,0,0,0
0,0,0,0,0,0,0,0,0,0,0,0
0,0,0,0,0,0,0,0,0,0,0,0
0,0,0,0,0,0,0,0,0,0,0,0
0,0,0,0,0,0,0,0,0,0,0,0
0,0,0,0,0,0,0,0,0,0,0,0
0,0,0,0,0,0,0,0,0,0,0,0
0,0,0,0,0,0,0,0,0,0,0,0
0,0,0,0,0,0,0,0,0,0,0,0
0,0,0,0,0,0,0,0,0,0,0,0
0,0,0,0,0,0,0,0,0,0,0,0
0,0,0,0,0,0,0,0,0,0,0,0
0,0,0,0,0,0,0,0,0,0,0,0
0,0,0,0,0,0,0,0,0,0,0,0
0,0,0,0,0,0,0,0,0,0,0,0
0,0,0,0,0,0,0,0,0,0,0,0
0,0,0,0,0,0,0,0,0,0,0,0
0,0,0,0,0,0,0,0,0,0,0,0
0,0,0,0,0,0,0,0,0,0,0,0
0,0,0,0,0,0,0,0,0,0,0,0
0,0,0,0,0,0,0,0,0,0,0,0
0,0,0,0,0,0,0,0,0,0,0,0
0,0,0,0,0,0,0,0,0,0,0,0
0,0,0,0,0,0,0,0,0,0,0,0
0,0,0,0,0,0,0,0,0,0,0,0
0,0,0,0,0,0,0,0,0,0,0,0
0,0,0,0,0,0,0,0,0,0,0,0
0,0,0,0,0,0,0,0,0,0,0,0
0,0,0,0,0,0,0,0,0,0,0,0
0,0,0,0,0,0,0,0,0,0,0,0
0,0,0,0,0,0,0,0,0,0,0,0
0,0,0,0,0,0,0,0,0,0,0,0
0,0,0,0,0,0,0,0,0,0,0,0
0,0,0,0,0,0,0,0,0,0,0,0
0,0,0,0,0,0,0,0,0,0,0,0
0,0,0,0,0,0,0,0,0,0,0,0
0,0,0,0,0,0,0,0,0,0,0,0
0,0,0,0,0,0,0,0,0,0,0,0
0,0,0,0,0,0,0,0,0,0,0,0
0,0,0,0,0,0,0,0,0,0,0,0
0,0,0,0,0,0,0,0,0,0,0,0
0,0,0,0,0,0,0,0,0,0,0,0
0,0,0,0,0,0,0,0,0,0,0,0
0,0,0,0,0,0,0,0,0,0,0,0
0,0,0,0,0,0,0,0,0,0,0,0
0,0,0,0,0,0,0,0,0,0,0,0
0,0,0,0,0,0,0,0,0,0,0,0
0,0,0,0,0,0,0,0,0,0,0,0
0,0,0,0,0,0,0,0,0,0,0,0
0,0,0,0,0,0,0,0,0,0,0,0
0,0,0,0,0,0,0,0,0,0,0,0
0,0,0,0,0,0,0,0,0,0,0,0
0,0,0,0,0,0,0,0,0,0,0,0
0,0,0,0,0,0,0,0,0,0,0,0
0,0,0,0,0,0,0,0,0,0,0,0
0,0,0,0,0,0,0,0,0,0,0,0
0,0,0,0,0,0,0,0,0,0,0,0
0,0,0,0,0,0,0,0,0,0,0,0
0,0,0,0,0,0,0,0,0,0,0,0
0,0,0,0,0,0,0,0,0,0,0,0
0,0,0,0,0,0,0,0,0,0,0,0
0,0,0,0,0,0,0,0,0,0,0,0
0,0,0,0,0,0,0,0,0,0,0,0
0,0,0,0,0,0,0,0,0,0,0,0
0,0,0,0,0,0,0,0,0,0,0,0
0,0,0,0,0,0,0,0,0,0,0,0
0,0,0,0,0,0,0,0,0,0,0,0
0,0,0,0,0,0,0,0,0,0,0,0
0,0,0,0,0,0,0,0,0,0,0,0
0,0,0,0,0,0,0,0,0,0,0,0
0,0,0,0,0,0,0,0,0,0,0,0
0,0,0,0,0,0,0,0,0,0,0,0
0,0,0,0,0,0,0,0,0,0,0,0
0,0,0,0,0,0,0,0,0,0,0,0
0,0,0,0,0,0,0,0,0,0,0,0
0,0,0,0,0,0,0,0,0,0,0,0
0,0,0,0,0,0,0,0,0,0,0,0
0,0,0,0,0,0,0,0,0,0,0,0
0,0,0,0,0,0,0,0,0,0,0,0
0,0,0,0,0,0,0,0,0,0,0,0
0,0,0,0,0,0,0,0,0,0,0,0
0,0,0,0,0,0,0,0,0,0,0,0
0,0,0,0,0,0,0,0,0,0,0,0
0,0,0,0,0,0,0,0,0,0,0,0
0,0,0,0,0,0,0,0,0,0,0,0
0,0,0,0,0,0,0,0,0,0,0,0
0,0,0,0,0,0,0,0,0,0,0,0
0,0,0,0,0,0,0,0,0,0,0,0
0,0,0,0,0,0,0,0,0,0,0,0
0,0,0,0,0,0,0,0,0,0,0,0
0,0,0,0,0,0,0,0,0,0,0,0
0,0,0,0,0,0,0,0,0,0,0,0
0,0,0,0,0,0,0,0,0,0,0,0
0,0,0,0,0,0,0,0,0,0,0,0
0,0,0,0,0,0,0,0,0,0,0,0
0,0,0,0,0,0,0,0,0,0,0,0
0,0,0,0,0,0,0,0,0,0,0,0
0,0,0,0,0,0,0,0,0,0,0,0
0,0,0,0,0,0,0,0,0,0,0,0
0,0,0,0,0,0,0,0,0,0,0,0
0,0,0,0,0,0,0,0,0,0,0,0
0,0,0,0,0,0,0,0,0,0,0,0
0,0,0,0,0,0,0,0,0,0,0,0
0,0,0,0,0,0,0,0,0,0,0,0
0,0,0,0,0,0,0,0,0,0,0,0
0,0,0,0,0,0,0,0,0,0,0,0
0,0,0,0,0,0,0,0,0,0,0,0
0,0,0,0,0,0,0,0,0,0,0,0
0,0,0,0,0,0,0,0,0,0,0,0
0,0,0,0,0,0,0,0,0,0,0,0
0,0,0,0,0,0,0,0,0,0,0,0
0,0,0,0,0,0,0,0,0,0,0,0
0,0,0,0,0,0,0,0,0,0,0,0
0,0,0,0,0,0,0,0,0,0,0,0
0,0,0,0,0,0,0,0,0,0,0,0
0,0,0,0,0,0,0,0,0,0,0,0
0,0,0,0,0,0,0,0,0,0,0,0
0,0,0,0,0,0,0,0,0,0,0,0
0,0,0,0,0,0,0,0,0,0,0,0
0,0,0,0,0,0,0,0,0,0,0,0
0,0,0,0,0,0,0,0,0,0,0,0
0,0,0,0,0,0,0,0,0,0,0,0
0,0,0,0,0,0,0,0,0,0,0,0
0,0,0,0,0,0,0,0,0,0,0,0
0,0,0,0,0,0,0,0,0,0,0,0
0,0,0,0,0,0,0,0,0,0,0,0
0,0,0,0,0,0,0,0,0,0,0,0
0,0,0,0,0,0,0,0,0,0,0,0
0,0,0,0,0,0,0,0,0,0,0,0
0,0,0,0,0,0,0,0,0,0,0,0
0,0,0,0,0,0,0,0,0,0,0,0
0,0,0,0,0,0,0,0,0,0,0,0
0,0,0,0,0,0,0,0,0,0,0,0
0,0,0,0,0,0,0,0,0,0,0,0
0,0,0,0,0,0,0,0,0,0,0,0
0,0,0,0,0,0,0,0,0,0,0,0
0,0,0,0,0,0,0,0,0,0,0,0
0,0,0,0,0,0,0,0,0,0,0,0
0,0,0,0,0,0,0,0,0,0,0,0
0,0,0,0,0,0,0,0,0,0,0,0
0,0,0,0,0,0,0,0,0,0,0,0
0,0,0,0,0,0,0,0,0,0,0,0
0,0,0,0,0,0,0,0,0,0,0,0
0,0,0,0,0,0,0,0,0,0,0,0
0,0,0,0,0,0,0,0,0,0,0,0
0,0,0,0,0,0,0,0,0,0,0,0
0,0,0,0,0,0,0,0,0,0,0,0
0,0,0,0,0,0,0,0,0,0,0,0
0,0,0,0,0,0,0,0,0,0,0,0
0,0,0,0,0,0,0,0,0,0,0,0
0,0,0,0,0,0,0,0,0,0,0,0
0,0,0,0,0,0,0,0,0,0,0,0
0,0,0,0,0,0,0,0,0,0,0,0
0,0,0,0,0,0,0,0,0,0,0,0
0,0,0,0,0,0,0,0,0,0,0,0
0,0,0,0,0,0,0,0,0,0,0,0
0,0,0,0,0,0,0,0,0,0,0,0
0,0,0,0,0,0,0,0,0,0,0,0
0,0,0,0,0,0,0,0,0,0,0,0
0,0,0,0,0,0,0,0,0,0,0,0
0,0,0,0,0,0,0,0,0,0,0,0
0,0,0,0,0,0,0,0,0,0,0,0
0,0,0,0,0,0,0,0,0,0,0,0
0,0,0,0,0,0,0,0,0,0,0,0
0,0,0,0,0,0,0,0,0,0,0,0
0,0,0,0,0,0,0,0,0,0,0,0
0,0,0,0,0,0,0,0,0,0,0,0
0,0,0,0,0,0,0,0,0,0,0,0
0,0,0,0,0,0,0,0,0,0,0,0
0,0,0,0,0,0,0,0,0,0,0,0
0,0,0,0,0,0,0,0,0,0,0,0
0,0,0,0,0,0,0,0,0,0,0,0
0,0,0,0,0,0,0,0,0,0,0,0
0,0,0,0,0,0,0,0,0,0,0,0
0,0,0,0,0,0,0,0,0,0,0,0
0,0,0,0,0,0,0,0,0,0,0,0
0,0,0,0,0,0,0,0,0,0,0,0
0,0,0,0,0,0,0,0,0,0,0,0
0,0,0,0,0,0,0,0,0,0,0,0
0,0,0,0,0,0,0,0,0,0,0,0
0,0,0,0,0,0,0,0,0,0,0,0
0,0,0,0,0,0,0,0,0,0,0,0
0,0,0,0,0,0,0,0,0,0,0,0
0,0,0,0,0,0,0,0,0,0,0,0
0,0,0,0,0,0,0,0,0,0,0,0
0,0,0,0,0,0,0,0,0,0,0,0
0,0,0,0,0,0,0,0,0,0,0,0
0,0,0,0,0,0,0,0,0,0,0,0
0,0,0,0,0,0,0,0,0,0,0,0
0,0,0,0,0,0,0,0,0,0,0,0
0,0,0,0,0,0,0,0,0,0,0,0
0,0,0,0,0,0,0,0,0,0,0,0
0,0,0,0,0,0,0,0,0,0,0,0
0,0,0,0,0,0,0,0,0,0,0,0
0,0,0,0,0,0,0,0,0,0,0,0
0,0,0,0,0,0,0,0,0,0,0,0
0,0,0,0,0,0,0,0,0,0,0,0
0,0,0,0,0,0,0,0,0,0,0,0
0,0,0,0,0,0,0,0,0,0,0,0
0,0,0,0,0,0,0,0,0,0,0,0
0,0,0,0,0,0,0,0,0,0,0,0
0,0,0,0,0,0,0,0,0,0,0,0
0,0,0,0,0,0,0,0,0,0,0,0
0,0,0,0,0,0,0,0,0,0,0,0
0,0,0,0,0,0,0,0,0,0,0,0
0,0,0,0,0,0,0,0,0,0,0,0
0,0,0,0,0,0,0,0,0,0,0,0
0,0,0,0,0,0,0,0,0,0,0,0
0,0,0,0,0,0,0,0,0,0,0,0
0,0,0,0,0,0,0,0,0,0,0,0
0,0,0,0,0,0,0,0,0,0,0,0
0,0,0,0,0,0,0,0,0,0,0,0
0,0,0,0,0,0,0,0,0,0,0,0
0,0,0,0,0,0,0,0,0,0,0,0
0,0,0,0,0,0,0,0,0,0,0,0
0,0,0,0,0,0,0,0,0,0,0,0
0,0,0,0,0,0,0,0,0,0,0,0
0,0,0,0,0,0,0,0,0,0,0,0
0,0,0,0,0,0,0,0,0,0,0,0
0,0,0,0,0,0,0,0,0,0,0,0
0,0,0,0,0,0,0,0,0,0,0,0
0,0,0,0,0,0,0,0,0,0,0,0
0,0,0,0,0,0,0,0,0,0,0,0
0,0,0,0,0,0,0,0,0,0,0,0
0,0,0,0,0,0,0,0,0,0,0,0
0,0,0,0,0,0,0,0,0,0,0,0
0,0,0,0,0,0,0,0,0,0,0,0
0,0,0,0,0,0,0,0,0,0,0,0
0,0,0,0,0,0,0,0,0,0,0,0
0,0,0,0,0,0,0,0,0,0,0,0
0,0,0,0,0,0,0,0,0,0,0,0
0,0,0,0,0,0,0,0,0,0,0,0
0,0,0,0,0,0,0,0,0,0,0,0
0,0,0,0,0,0,0,0,0,0,0,0
0,0,0,0,0,0,0,0,0,0,0,0
0,0,0,0,0,0,0,0,0,0,0,0
0,0,0,0,0,0,0,0,0,0,0,0
0,0,0,0,0,0,0,0,0,0,0,0
0,0,0,0,0,0,0,0,0,0,0,0
0,0,0,0,0,0,0,0,0,0,0,0
0,0,0,0,0,0,0,0,0,0,0,0
0,0,0,0,0,0,0,0,0,0,0,0
0,0,0,0,0,0,0,0,0,0,0,0
0,0,0,0,0,0,0,0,0,0,0,0
0,0,0,0,0,0,0,0,0,0,0,0
0,0,0,0,0,0,0,0,0,0,0,0
0,0,0,0,0,0,0,0,0,0,0,0
0,0,0,0,0,0,0,0,0,0,0,0
0,0,0,0,0,0,0,0,0,0,0,0
0,0,0,0,0,0,0,0,0,0,0,0
0,0,0,0,0,0,0,0,0,0,0,0
0,0,0,0,0,0,0,0,0,0,0,0
0,0,0,0,0,0,0,0,0,0,0,0
0,0,0,0,0,0,0,0,0,0,0,0
0,0,0,0,0,0,0,0,0,0,0,0
0,0,0,0,0,0,0,0,0,0,0,0
0,0,0,0,0,0,0,0,0,0,0,0
0,0,0,0,0,0,0,0,0,0,0,0
0,0,0,0,0,0,0,0,0,0,0,0
0,0,0,0,0,0,0,0,0,0,0,0
0,0,0,0,0,0,0,0,0,0,0,0
0,0,0,0,0,0,0,0,0,0,0,0
0,0,0,0,0,0,0,0,0,0,0,0
0,0,0,0,0,0,0,0,0,0,0,0
0,0,0,0,0,0,0,0,0,0,0,0
0,0,0,0,0,0,0,0,0,0,0,0
0,0,0,0,0,0,0,0,0,0,0,0
0,0,0,0,0,0,0,0,0,0,0,0
0,0,0,0,0,0,0,0,0,0,0,0
0,0,0,0,0,0,0,0,0,0,0,0
0,0,0,0,0,0,0,0,0,0,0,0
0,0,0,0,0,0,0,0,0,0,0,0
0,0,0,0,0,0,0,0,0,0,0,0
0,0,0,0,0,0,0,0,0,0,0,0
0,0,0,0,0,0,0,0,0,0,0,0
0,0,0,0,0,0,0,0,0,0,0,0
0,0,0,0,0,0,0,0,0,0,0,0
0,0,0,0,0,0,0,0,0,0,0,0
0,0,0,0,0,0,0,0,0,0,0,0
0,0,0,0,0,0,0,0,0,0,0,0
0,0,0,0,0,0,0,0,0,0,0,0
0,0,0,0,0,0,0,0,0,0,0,0
0,0,0,0,0,0,0,0,0,0,0,0
0,0,0,0,0,0,0,0,0,0,0,0
0,0,0,0,0,0,0,0,0,0,0,0
0,0,0,0,0,0,0,0,0,0,0,0
0,0,0,0,0,0,0,0,0,0,0,0
0,0,0,0,0,0,0,0,0,0,0,0
0,0,0,0,0,0,0,0,0,0,0,0
0,0,0,0,0,0,0,0,0,0,0,0
0,0,0,0,0,0,0,0,0,0,0,0
0,0,0,0,0,0,0,0,0,0,0,0
0,0,0,0,0,0,0,0,0,0,0,0
0,0,0,0,0,0,0,0,0,0,0,0
0,0,0,0,0,0,0,0,0,0,0,0
0,0,0,0,0,0,0,0,0,0,0,0
0,0,0,0,0,0,0,0,0,0,0,0
0,0,0,0,0,0,0,0,0,0,0,0
0,0,0,0,0,0,0,0,0,0,0,0
0,0,0,0,0,0,0,0,0,0,0,0
0,0,0,0,0,0,0,0,0,0,0,0
0,0,0,0,0,0,0,0,0,0,0,0
0,0,0,0,0,0,0,0,0,0,0,0
0,0,0,0,0,0,0,0,0,0,0,0
0,0,0,0,0,0,0,0,0,0,0,0
0,0,0,0,0,0,0,0,0,0,0,0
0,0,0,0,0,0,0,0,0,0,0,0
0,0,0,0,0,0,0,0,0,0,0,0
0,0,0,0,0,0,0,0,0,0,0,0
0,0,0,0,0,0,0,0,0,0,0,0
0,0,0,0,0,0,0,0,0,0,0,0
0,0,0,0,0,0,0,0,0,0,0,0
0,0,0,0,0,0,0,0,0,0,0,0
0,0,0,0,0,0,0,0,0,0,0,0
0,0,0,0,0,0,0,0,0,0,0,0
0,0,0,0,0,0,0,0,0,0,0,0
0,0,0,0,0,0,0,0,0,0,0,0
0,0,0,0,0,0,0,0,0,0,0,0
0,0,0,0,0,0,0,0,0,0,0,0
0,0,0,0,0,0,0,0,0,0,0,0
0,0,0,0,0,0,0,0,0,0,0,0
0,0,0,0,0,0,0,0,0,0,0,0
0,0,0,0,0,0,0,0,0,0,0,0
0,0,0,0,0,0,0,0,0,0,0,0
0,0,0,0,0,0,0,0,0,0,0,0
0,0,0,0,0,0,0,0,0,0,0,0
0,0,0,0,0,0,0,0,0,0,0,0
0,0,0,0,0,0,0,0,0,0,0,0
0,0,0,0,0,0,0,0,0,0,0,0
0,0,0,0,0,0,0,0,0,0,0,0
0,0,0,0,0,0,0,0,0,0,0,0
0,0,0,0,0,0,0,0,0,0,0,0
0,0,0,0,0,0,0,0,0,0,0,0
0,0,0,0,0,0,0,0,0,0,0,0
0,0,0,0,0,0,0,0,0,0,0,0
0,0,0,0,0,0,0,0,0,0,0,0
0,0,0,0,0,0,0,0,0,0,0,0
0,0,0,0,0,0,0,0,0,0,0,0
0,0,0,0,0,0,0,0,0,0,0,0
0,0,0,0,0,0,0,0,0,0,0,0
0,0,0,0,0,0,0,0,0,0,0,0
0,0,0,0,0,0,0,0,0,0,0,0
0,0,0,0,0,0,0,0,0,0,0,0
0,0,0,0,0,0,0,0,0,0,0,0
0,0,0,0,0,0,0,0,0,0,0,0
0,0,0,0,0,0,0,0,0,0,0,0
0,0,0,0,0,0,0,0,0,0,0,0
0,0,0,0,0,0,0,0,0,0,0,0
0,0,0,0,0,0,0,0,0,0,0,0
0,0,0,0,0,0,0,0,0,0,0,0
0,0,0,0,0,0,0,0,0,0,0,0
0,0,0,0,0,0,0,0,0,0,0,0
0,0,0,0,0,0,0,0,0,0,0,0
0,0,0,0,0,0,0,0,0,0,0,0
0,0,0,0,0,0,0,0,0,0,0,0
0,0,0,0,0,0,0,0,0,0,0,0
0,0,0,0,0,0,0,0,0,0,0,0
0,0,0,0,0,0,0,0,0,0,0,0
0,0,0,0,0,0,0,0,0,0,0,0
0,0,0,0,0,0,0,0,0,0,0,0
0,0,0,0,0,0,0,0,0,0,0,0
0,0,0,0,0,0,0,0,0,0,0,0
0,0,0,0,0,0,0,0,0,0,0,0
0,0,0,0,0,0,0,0,0,0,0,0
0,0,0,0,0,0,0,0,0,0,0,0
0,0,0,0,0,0,0,0,0,0,0,0
0,0,0,0,0,0,0,0,0,0,0,0
0,0,0,0,0,0,0,0,0,0,0,0
0,0,0,0,0,0,0,0,0,0,0,0
0,0,0,0,0,0,0,0,0,0,0,0
0,0,0,0,0,0,0,0,0,0,0,0
0,0,0,0,0,0,0,0,0,0,0,0
0,0,0,0,0,0,0,0,0,0,0,0
0,0,0,0,0,0,0,0,0,0,0,0
0,0,0,0,0,0,0,0,0,0,0,0
0,0,0,0,0,0,0,0,0,0,0,0
0,0,0,0,0,0,0,0,0,0,0,0
0,0,0,0,0,0,0,0,0,0,0,0
0,0,0,0,0,0,0,0,0,0,0,0
0,0,0,0,0,0,0,0,0,0,0,0
0,0,0,0,0,0,0,0,0,0,0,0
0,0,0,0,0,0,0,0,0,0,0,0
0,0,0,0,0,0,0,0,0,0,0,0
0,0,0,0,0,0,0,0,0,0,0,0
0,0,0,0,0,0,0,0,0,0,0,0
0,0,0,0,0,0,0,0,0,0,0,0
0,0,0,0,0,0,0,0,0,0,0,0
0,0,0,0,0,0,0,0,0,0,0,0
0,0,0,0,0,0,0,0,0,0,0,0
0,0,0,0,0,0,0,0,0,0,0,0
0,0,0,0,0,0,0,0,0,0,0,0
0,0,0,0,0,0,0,0,0,0,0,0
0,0,0,0,0,0,0,0,0,0,0,0
0,0,0,0,0,0,0,0,0,0,0,0
0,0,0,0,0,0,0,0,0,0,0,0
0,0,0,0,0,0,0,0,0,0,0,0
0,0,0,0,0,0,0,0,0,0,0,0
0,0,0,0,0,0,0,0,0,0,0,0
0,0,0,0,0,0,0,0,0,0,0,0
0,0,0,0,0,0,0,0,0,0,0,0
0,0,0,0,0,0,0,0,0,0,0,0
0,0,0,0,0,0,0,0,0,0,0,0
0,0,0,0,0,0,0,0,0,0,0,0
0,0,0,0,0,0,0,0,0,0,0,0
0,0,0,0,0,0,0,0,0,0,0,0
0,0,0,0,0,0,0,0,0,0,0,0
0,0,0,0,0,0,0,0,0,0,0,0
0,0,0,0,0,0,0,0,0,0,0,0
0,0,0,0,0,0,0,0,0,0,0,0
0,0,0,0,0,0,0,0,0,0,0,0
0,0,0,0,0,0,0,0,0,0,0,0
0,0,0,0,0,0,0,0,0,0,0,0
0,0,0,0,0,0,0,0,0,0,0,0
0,0,0,0,0,0,0,0,0,0,0,0
0,0,0,0,0,0,0,0,0,0,0,0
0,0,0,0,0,0,0,0,0,0,0,0
0,0,0,0,0,0,0,0,0,0,0,0
0,0,0,0,0,0,0,0,0,0,0,0
0,0,0,0,0,0,0,0,0,0,0,0
0,0,0,0,0,0,0,0,0,0,0,0
0,0,0,0,0,0,0,0,0,0,0,0
0,0,0,0,0,0,0,0,0,0,0,0
0,0,0,0,0,0,0,0,0,0,0,0
0,0,0,0,0,0,0,0,0,0,0,0
0,0,0,0,0,0,0,0,0,0,0,0
0,0,0,0,0,0,0,0,0,0,0,0
0,0,0,0,0,0,0,0,0,0,0,0
0,0,0,0,0,0,0,0,0,0,0,0
0,0,0,0,0,0,0,0,0,0,0,0
0,0,0,0,0,0,0,0,0,0,0,0
0,0,0,0,0,0,0,0,0,0,0,0
0,0,0,0,0,0,0,0,0,0,0,0
0,0,0,0,0,0,0,0,0,0,0,0
0,0,0,0,0,0,0,0,0,0,0,0
0,0,0,0,0,0,0,0,0,0,0,0
0,0,0,0,0,0,0,0,0,0,0,0
0,0,0,0,0,0,0,0,0,0,0,0
0,0,0,0,0,0,0,0,0,0,0,0
0,0,0,0,0,0,0,0,0,0,0,0
0,0,0,0,0,0,0,0,0,0,0,0
0,0,0,0,0,0,0,0,0,0,0,0
0,0,0,0,0,0,0,0,0,0,0,0
0,0,0,0,0,0,0,0,0,0,0,0
0,0,0,0,0,0,0,0,0,0,0,0
0,0,0,0,0,0,0,0,0,0,0,0
0,0,0,0,0,0,0,0,0,0,0,0
0,0,0,0,0,0,0,0,0,0,0,0
0,0,0,0,0,0,0,0,0,0,0,0
0,0,0,0,0,0,0,0,0,0,0,0
0,0,0,0,0,0,0,0,0,0,0,0
0,0,0,0,0,0,0,0,0,0,0,0
0,0,0,0,0,0,0,0,0,0,0,0
0,0,0,0,0,0,0,0,0,0,0,0
0,0,0,0,0,0,0,0,0,0,0,0
0,0,0,0,0,0,0,0,0,0,0,0
0,0,0,0,0,0,0,0,0,0,0,0
0,0,0,0,0,0,0,0,0,0,0,0
0,0,0,0,0,0,0,0,0,0,0,0
0,0,0,0,0,0,0,0,0,0,0,0
0,0,0,0,0,0,0,0,0,0,0,0
0,0,0,0,0,0,0,0,0,0,0,0
0,0,0,0,0,0,0,0,0,0,0,0
0,0,0,0,0,0,0,0,0,0,0,0
0,0,0,0,0,0,0,0,0,0,0,0
0,0,0,0,0,0,0,0,0,0,0,0
0,0,0,0,0,0,0,0,0,0,0,0
0,0,0,0,0,0,0,0,0,0,0,0
0,0,0,0,0,0,0,0,0,0,0,0
0,0,0,0,0,0,0,0,0,0,0,0
0,0,0,0,0,0,0,0,0,0,0,0
0,0,0,0,0,0,0,0,0,0,0,0
0,0,0,0,0,0,0,0,0,0,0,0
0,0,0,0,0,0,0,0,0,0,0,0
0,0,0,0,0,0,0,0,0,0,0,0
0,0,0,0,0,0,0,0,0,0,0,0
0,0,0,0,0,0,0,0,0,0,0,0
0,0,0,0,0,0,0,0,0,0,0,0
0,0,0,0,0,0,0,0,0,0,0,0
0,0,0,0,0,0,0,0,0,0,0,0
0,0,0,0,0,0,0,0,0,0,0,0
0,0,0,0,0,0,0,0,0,0,0,0
0,0,0,0,0,0,0,0,0,0,0,0
0,0,0,0,0,0,0,0,0,0,0,0
0,0,0,0,0,0,0,0,0,0,0,0
0,0,0,0,0,0,0,0,0,0,0,0
0,0,0,0,0,0,0,0,0,0,0,0
0,0,0,0,0,0,0,0,0,0,0,0
0,0,0,0,0,0,0,0,0,0,0,0
0,0,0,0,0,0,0,0,0,0,0,0
0,0,0,0,0,0,0,0,0,0,0,0
0,0,0,0,0,0,0,0,0,0,0,0
0,0,0,0,0,0,0,0,0,0,0,0
0,0,0,0,0,0,0,0,0,0,0,0
0,0,0,0,0,0,0,0,0,0,0,0
0,0,0,0,0,0,0,0,0,0,0,0
0,0,0,0,0,0,0,0,0,0,0,0
0,0,0,0,0,0,0,0,0,0,0,0
0,0,0,0,0,0,0,0,0,0,0,0
0,0,0,0,0,0,0,0,0,0,0,0
0,0,0,0,0,0,0,0,0,0,0,0
0,0,0,0,0,0,0,0,0,0,0,0
0,0,0,0,0,0,0,0,0,0,0,0
0,0,0,0,0,0,0,0,0,0,0,0
0,0,0,0,0,0,0,0,0,0,0,0
0,0,0,0,0,0,0,0,0,0,0,0
0,0,0,0,0,0,0,0,0,0,0,0
0,0,0,0,0,0,0,0,0,0,0,0
0,0,0,0,0,0,0,0,0,0,0,0
0,0,0,0,0,0,0,0,0,0,0,0
0,0,0,0,0,0,0,0,0,0,0,0
0,0,0,0,0,0,0,0,0,0,0,0
0,0,0,0,0,0,0,0,0,0,0,0
0,0,0,0,0,0,0,0,0,0,0,0
0,0,0,0,0,0,0,0,0,0,0,0
0,0,0,0,0,0,0,0,0,0,0,0
0,0,0,0,0,0,0,0,0,0,0,0
0,0,0,0,0,0,0,0,0,0,0,0
0,0,0,0,0,0,0,0,0,0,0,0
0,0,0,0,0,0,0,0,0,0,0,0
0,0,0,0,0,0,0,0,0,0,0,0
0,0,0,0,0,0,0,0,0,0,0,0
0,0,0,0,0,0,0,0,0,0,0,0
0,0,0,0,0,0,0,0,0,0,0,0
0,0,0,0,0,0,0,0,0,0,0,0
0,0,0,0,0,0,0,0,0,0,0,0
0,0,0,0,0,0,0,0,0,0,0,0
0,0,0,0,0,0,0,0,0,0,0,0
0,0,0,0,0,0,0,0,0,0,0,0
0,0,0,0,0,0,0,0,0,0,0,0
0,0,0,0,0,0,0,0,0,0,0,0
0,0,0,0,0,0,0,0,0,0,0,0
0,0,0,0,0,0,0,0,0,0,0,0
0,0,0,0,0,0,0,0,0,0,0,0
0,0,0,0,0,0,0,0,0,0,0,0
0,0,0,0,0,0,0,0,0,0,0,0
0,0,0,0,0,0,0,0,0,0,0,0
0,0,0,0,0,0,0,0,0,0,0,0
0,0,0,0,0,0,0,0,0,0,0,0
0,0,0,0,0,0,0,0,0,0,0,0
0,0,0,0,0,0,0,0,0,0,0,0
0,0,0,0,0,0,0,0,0,0,0,0
0,0,0,0,0,0,0,0,0,0,0,0
0,0,0,0,0,0,0,0,0,0,0,0
0,0,0,0,0,0,0,0,0,0,0,0
0,0,0,0,0,0,0,0,0,0,0,0
0,0,0,0,0,0,0,0,0,0,0,0
0,0,0,0,0,0,0,0,0,0,0,0
0,0,0,0,0,0,0,0,0,0,0,0
0,0,0,0,0,0,0,0,0,0,0,0
0,0,0,0,0,0,0,0,0,0,0,0
0,0,0,0,0,0,0,0,0,0,0,0
0,0,0,0,0,0,0,0,0,0,0,0
0,0,0,0,0,0,0,0,0,0,0,0
0,0,0,0,0,0,0,0,0,0,0,0
0,0,0,0,0,0,0,0,0,0,0,0
0,0,0,0,0,0,0,0,0,0,0,0
0,0,0,0,0,0,0,0,0,0,0,0
0,0,0,0,0,0,0,0,0,0,0,0
0,0,0,0,0,0,0,0,0,0,0,0
0,0,0,0,0,0,0,0,0,0,0,0
0,0,0,0,0,0,0,0,0,0,0,0
0,0,0,0,0,0,0,0,0,0,0,0
0,0,0,0,0,0,0,0,0,0,0,0
0,0,0,0,0,0,0,0,0,0,0,0
0,0,0,0,0,0,0,0,0,0,0,0
0,0,0,0,0,0,0,0,0,0,0,0
0,0,0,0,0,0,0,0,0,0,0,0
0,0,0,0,0,0,0,0,0,0,0,0
0,0,0,0,0,0,0,0,0,0,0,0
0,0,0,0,0,0,0,0,0,0,0,0
0,0,0,0,0,0,0,0,0,0,0,0
0,0,0,0,0,0,0,0,0,0,0,0
0,0,0,0,0,0,0,0,0,0,0,0
0,0,0,0,0,0,0,0,0,0,0,0
0,0,0,0,0,0,0,0,0,0,0,0
0,0,0,0,0,0,0,0,0,0,0,0
0,0,0,0,0,0,0,0,0,0,0,0
0,0,0,0,0,0,0,0,0,0,0,0
0,0,0,0,0,0,0,0,0,0,0,0
0,0,0,0,0,0,0,0,0,0,0,0
0,0,0,0,0,0,0,0,0,0,0,0
0,0,0,0,0,0,0,0,0,0,0,0
0,0,0,0,0,0,0,0,0,0,0,0
0,0,0,0,0,0,0,0,0,0,0,0
0,0,0,0,0,0,0,0,0,0,0,0
0,0,0,0,0,0,0,0,0,0,0,0
0,0,0,0,0,0,0,0,0,0,0,0
0,0,0,0,0,0,0,0,0,0,0,0
0,0,0,0,0,0,0,0,0,0,0,0
0,0,0,0,0,0,0,0,0,0,0,0
0,0,0,0,0,0,0,0,0,0,0,0
0,0,0,0,0,0,0,0,0,0,0,0
0,0,0,0,0,0,0,0,0,0,0,0
0,0,0,0,0,0,0,0,0,0,0,0
0,0,0,0,0,0,0,0,0,0,0,0
0,0,0,0,0,0,0,0,0,0,0,0
0,0,0,0,0,0,0,0,0,0,0,0
0,0,0,0,0,0,0,0,0,0,0,0
0,0,0,0,0,0,0,0,0,0,0,0
0,0,0,0,0,0,0,0,0,0,0,0
0,0,0,0,0,0,0,0,0,0,0,0
0,0,0,0,0,0,0,0,0,0,0,0
0,0,0,0,0,0,0,0,0,0,0,0
0,0,0,0,0,0,0,0,0,0,0,0
0,0,0,0,0,0,0,0,0,0,0,0
0,0,0,0,0,0,0,0,0,0,0,0
0,0,0,0,0,0,0,0,0,0,0,0
0,0,0,0,0,0,0,0,0,0,0,0
0,0,0,0,0,0,0,0,0,0,0,0
0,0,0,0,0,0,0,0,0,0,0,0
0,0,0,0,0,0,0,0,0,0,0,0
0,0,0,0,0,0,0,0,0,0,0,0
0,0,0,0,0,0,0,0,0,0,0,0
0,0,0,0,0,0,0,0,0,0,0,0
0,0,0,0,0,0,0,0,0,0,0,0
0,0,0,0,0,0,0,0,0,0,0,0
0,0,0,0,0,0,0,0,0,0,0,0
0,0,0,0,0,0,0,0,0,0,0,0
0,0,0,0,0,0,0,0,0,0,0,0
0,0,0,0,0,0,0,0,0,0,0,0
0,0,0,0,0,0,0,0,0,0,0,0
0,0,0,0,0,0,0,0,0,0,0,0
0,0,0,0,0,0,0,0,0,0,0,0
0,0,0,0,0,0,0,0,0,0,0,0
0,0,0,0,0,0,0,0,0,0,0,0
0,0,0,0,0,0,0,0,0,0,0,0
0,0,0,0,0,0,0,0,0,0,0,0
0,0,0,0,0,0,0,0,0,0,0,0
0,0,0,0,0,0,0,0,0,0,0,0
0,0,0,0,0,0,0,0,0,0,0,0
0,0,0,0,0,0,0,0,0,0,0,0
0,0,0,0,0,0,0,0,0,0,0,0
0,0,0,0,0,0,0,0,0,0,0,0
0,0,0,0,0,0,0,0,0,0,0,0
0,0,0,0,0,0,0,0,0,0,0,0
0,0,0,0,0,0,0,0,0,0,0,0
0,0,0,0,0,0,0,0,0,0,0,0
0,0,0,0,0,0,0,0,0,0,0,0
0,0,0,0,0,0,0,0,0,0,0,0
0,0,0,0,0,0,0,0,0,0,0,0
0,0,0,0,0,0,0,0,0,0,0,0
0,0,0,0,0,0,0,0,0,0,0,0
0,0,0,0,0,0,0,0,0,0,0,0
0,0,0,0,0,0,0,0,0,0,0,0
0,0,0,0,0,0,0,0,0,0,0,0
0,0,0,0,0,0,0,0,0,0,0,0
0,0,0,0,0,0,0,0,0,0,0,0
0,0,0,0,0,0,0,0,0,0,0,0
0,0,0,0,0,0,0,0,0,0,0,0
0,0,0,0,0,0,0,0,0,0,0,0
0,0,0,0,0,0,0,0,0,0,0,0
0,0,0,0,0,0,0,0,0,0,0,0
0,0,0,0,0,0,0,0,0,0,0,0
0,0,0,0,0,0,0,0,0,0,0,0
0,0,0,0,0,0,0,0,0,0,0,0
0,0,0,0,0,0,0,0,0,0,0,0
0,0,0,0,0,0,0,0,0,0,0,0
0,0,0,0,0,0,0,0,0,0,0,0
0,0,0,0,0,0,0,0,0,0,0,0
0,0,0,0,0,0,0,0,0,0,0,0
0,0,0,0,0,0,0,0,0,0,0,0
0,0,0,0,0,0,0,0,0,0,0,0
0,0,0,0,0,0,0,0,0,0,0,0
0,0,0,0,0,0,0,0,0,0,0,0
0,0,0,0,0,0,0,0,0,0,0,0
0,0,0,0,0,0,0,0,0,0,0,0
0,0,0,0,0,0,0,0,0,0,0,0
0,0,0,0,0,0,0,0,0,0,0,0
0,0,0,0,0,0,0,0,0,0,0,0
0,0,0,0,0,0,0,0,0,0,0,0
0,0,0,0,0,0,0,0,0,0,0,0
0,0,0,0,0,0,0,0,0,0,0,0
0,0,0,0,0,0,0,0,0,0,0,0
0,0,0,0,0,0,0,0,0,0,0,0
0,0,0,0,0,0,0,0,0,0,0,0
0,0,0,0,0,0,0,0,0,0,0,0
0,0,0,0,0,0,0,0,0,0,0,0
0,0,0,0,0,0,0,0,0,0,0,0
0,0,0,0,0,0,0,0,0,0,0,0
0,0,0,0,0,0,0,0,0,0,0,0
0,0,0,0,0,0,0,0,0,0,0,0
0,0,0,0,0,0,0,0,0,0,0,0
0,0,0,0,0,0,0,0,0,0,0,0
0,0,0,0,0,0,0,0,0,0,0,0
0,0,0,0,0,0,0,0,0,0,0,0
0,0,0,0,0,0,0,0,0,0,0,0
0,0,0,0,0,0,0,0,0,0,0,0
0,0,0,0,0,0,0,0,0,0,0,0
0,0,0,0,0,0,0,0,0,0,0,0
0,0,0,0,0,0,0,0,0,0,0,0
0,0,0,0,0,0,0,0,0,0,0,0
0,0,0,0,0,0,0,0,0,0,0,0
0,0,0,0,0,0,0,0,0,0,0,0
0,0,0,0,0,0,0,0,0,0,0,0
0,0,0,0,0,0,0,0,0,0,0,0
0,0,0,0,0,0,0,0,0,0,0,0
0,0,0,0,0,0,0,0,0,0,0,0
0,0,0,0,0,0,0,0,0,0,0,0
0,0,0,0,0,0,0,0,0,0,0,0
0,0,0,0,0,0,0,0,0,0,0,0
0,0,0,0,0,0,0,0,0,0,0,0
0,0,0,0,0,0,0,0,0,0,0,0
0,0,0,0,0,0,0,0,0,0,0,0
0,0,0,0,0,0,0,0,0,0,0,0
0,0,0,0,0,0,0,0,0,0,0,0
0,0,0,0,0,0,0,0,0,0,0,0
0,0,0,0,0,0,0,0,0,0,0,0
0,0,0,0,0,0,0,0,0,0,0,0
0,0,0,0,0,0,0,0,0,0,0,0
0,0,0,0,0,0,0,0,0,0,0,0
0,0,0,0,0,0,0,0,0,0,0,0
0,0,0,0,0,0,0,0,0,0,0,0
0,0,0,0,0,0,0,0,0,0,0,0
0,0,0,0,0,0,0,0,0,0,0,0
0,0,0,0,0,0,0,0,0,0,0,0
0,0,0,0,0,0,0,0,0,0,0,0
0,0,0,0,0,0,0,0,0,0,0,0
0,0,0,0,0,0,0,0,0,0,0,0
0,0,0,0,0,0,0,0,0,0,0,0
0,0,0,0,0,0,0,0,0,0,0,0
0,0,0,0,0,0,0,0,0,0,0,0
0,0,0,0,0,0,0,0,0,0,0,0
0,0,0,0,0,0,0,0,0,0,0,0
0,0,0,0,0,0,0,0,0,0,0,0
0,0,0,0,0,0,0,0,0,0,0,0
0,0,0,0,0,0,0,0,0,0,0,0
0,0,0,0,0,0,0,0,0,0,0,0
0,0,0,0,0,0,0,0,0,0,0,0
0,0,0,0,0,0,0,0,0,0,0,0
0,0,0,0,0,0,0,0,0,0,0,0
0,0,0,0,0,0,0,0,0,0,0,0
0,0,0,0,0,0,0,0,0,0,0,0
0,0,0,0,0,0,0,0,0,0,0,0
0,0,0,0,0,0,0,0,0,0,0,0
0,0,0,0,0,0,0,0,0,0,0,0
0,0,0,0,0,0,0,0,0,0,0,0
0,0,0,0,0,0,0,0,0,0,0,0
0,0,0,0,0,0,0,0,0,0,0,0
0,0,0,0,0,0,0,0,0,0,0,0
0,0,0,0,0,0,0,0,0,0,0,0
0,0,0,0,0,0,0,0,0,0,0,0
0,0,0,0,0,0,0,0,0,0,0,0
0,0,0,0,0,0,0,0,0,0,0,0
0,0,0,0,0,0,0,0,0,0,0,0
0,0,0,0,0,0,0,0,0,0,0,0
0,0,0,0,0,0,0,0,0,0,0,0
0,0,0,0,0,0,0,0,0,0,0,0
0,0,0,0,0,0,0,0,0,0,0,0
0,0,0,0,0,0,0,0,0,0,0,0
0,0,0,0,0,0,0,0,0,0,0,0
0,0,0,0,0,0,0,0,0,0,0,0
0,0,0,0,0,0,0,0,0,0,0,0
0,0,0,0,0,0,0,0,0,0,0,0
0,0,0,0,0,0,0,0,0,0,0,0
0,0,0,0,0,0,0,0,0,0,0,0
0,0,0,0,0,0,0,0,0,0,0,0
0,0,0,0,0,0,0,0,0,0,0,0
0,0,0,0,0,0,0,0,0,0,0,0
0,0,0,0,0,0,0,0,0,0,0,0
0,0,0,0,0,0,0,0,0,0,0,0
0,0,0,0,0,0,0,0,0,0,0,0
0,0,0,0,0,0,0,0,0,0,0,0
0,0,0,0,0,0,0,0,0,0,0,0
0,0,0,0,0,0,0,0,0,0,0,0
0,0,0,0,0,0,0,0,0,0,0,0
0,0,0,0,0,0,0,0,0,0,0,0
0,0,0,0,0,0,0,0,0,0,0,0
0,0,0,0,0,0,0,0,0,0,0,0
0,0,0,0,0,0,0,0,0,0,0,0
0,0,0,0,0,0,0,0,0,0,0,0
0,0,0,0,0,0,0,0,0,0,0,0
0,0,0,0,0,0,0,0,0,0,0,0
0,0,0,0,0,0,0,0,0,0,0,0
0,0,0,0,0,0,0,0,0,0,0,0
0,0,0,0,0,0,0,0,0,0,0,0
0,0,0,0,0,0,0,0,0,0,0,0
0,0,0,0,0,0,0,0,0,0,0,0
0,0,0,0,0,0,0,0,0,0,0,0
0,0,0,0,0,0,0,0,0,0,0,0
0,0,0,0,0,0,0,0,0,0,0,0
0,0,0,0,0,0,0,0,0,0,0,0
0,0,0,0,0,0,0,0,0,0,0,0
0,0,0,0,0,0,0,0,0,0,0,0
0,0,0,0,0,0,0,0,0,0,0,0
0,0,0,0,0,0,0,0,0,0,0,0
0,0,0,0,0,0,0,0,0,0,0,0
0,0,0,0,0,0,0,0,0,0,0,0
0,0,0,0,0,0,0,0,0,0,0,0
0,0,0,0,0,0,0,0,0,0,0,0
0,0,0,0,0,0,0,0,0,0,0,0
0,0,0,0,0,0,0,0,0,0,0,0
0,0,0,0,0,0,0,0,0,0,0,0
0,0,0,0,0,0,0,0,0,0,0,0
0,0,0,0,0,0,0,0,0,0,0,0
0,0,0,0,0,0,0,0,0,0,0,0
0,0,0,0,0,0,0,0,0,0,0,0
0,0,0,0,0,0,0,0,0,0,0,0
0,0,0,0,0,0,0,0,0,0,0,0
0,0,0,0,0,0,0,0,0,0,0,0
0,0,0,0,0,0,0,0,0,0,0,0
0,0,0,0,0,0,0,0,0,0,0,0
0,0,0,0,0,0,0,0,0,0,0,0
0,0,0,0,0,0,0,0,0,0,0,0
0,0,0,0,0,0,0,0,0,0,0,0
0,0,0,0,0,0,0,0,0,0,0,0
0,0,0,0,0,0,0,0,0,0,0,0
0,0,0,0,0,0,0,0,0,0,0,0
0,0,0,0,0,0,0,0,0,0,0,0
0,0,0,0,0,0,0,0,0,0,0,0
0,0,0,0,0,0,0,0,0,0,0,0
0,0,0,0,0,0,0,0,0,0,0,0
0,0,0,0,0,0,0,0,0,0,0,0
0,0,0,0,0,0,0,0,0,0,0,0
0,0,0,0,0,0,0,0,0,0,0,0
0,0,0,0,0,0,0,0,0,0,0,0
0,0,0,0,0,0,0,0,0,0,0,0
0,0,0,0,0,0,0,0,0,0,0,0
0,0,0,0,0,0,0,0,0,0,0,0
0,0,0,0,0,0,0,0,0,0,0,0
0,0,0,0,0,0,0,0,0,0,0,0
0,0,0,0,0,0,0,0,0,0,0,0
0,0,0,0,0,0,0,0,0,0,0,0
0,0,0,0,0,0,0,0,0,0,0,0
0,0,0,0,0,0,0,0,0,0,0,0
0,0,0,0,0,0,0,0,0,0,0,0
0,0,0,0,0,0,0,0,0,0,0,0
0,0,0,0,0,0,0,0,0,0,0,0
0,0,0,0,0,0,0,0,0,0,0,0
0,0,0,0,0,0,0,0,0,0,0,0
0,0,0,0,0,0,0,0,0,0,0,0
0,0,0,0,0,0,0,0,0,0,0,0
0,0,0,0,0,0,0,0,0,0,0,0
0,0,0,0,0,0,0,0,0,0,0,0
0,0,0,0,0,0,0,0,0,0,0,0
0,0,0,0,0,0,0,0,0,0,0,0
0,0,0,0,0,0,0,0,0,0,0,0
0,0,0,0,0,0,0,0,0,0,0,0
0,0,0,0,0,0,0,0,0,0,0,0
0,0,0,0,0,0,0,0,0,0,0,0
0,0,0,0,0,0,0,0,0,0,0,0
0,0,0,0,0,0,0,0,0,0,0,0
0,0,0,0,0,0,0,0,0,0,0,0
0,0,0,0,0,0,0,0,0,0,0,0
0,0,0,0,0,0,0,0,0,0,0,0
0,0,0,0,0,0,0,0,0,0,0,0
0,0,0,0,0,0,0,0,0,0,0,0
0,0,0,0,0,0,0,0,0,0,0,0
0,0,0,0,0,0,0,0,0,0,0,0
0,0,0,0,0,0,0,0,0,0,0,0
0,0,0,0,0,0,0,0,0,0,0,0
0,0,0,0,0,0,0,0,0,0,0,0
0,0,0,0,0,0,0,0,0,0,0,0
0,0,0,0,0,0,0,0,0,0,0,0
0,0,0,0,0,0,0,0,0,0,0,0
0,0,0,0,0,0,0,0,0,0,0,0
0,0,0,0,0,0,0,0,0,0,0,0
